model,plus_amb_score,minus_amb_score,plus_amb_img_score,minus_amb_img_score,DT,DV,DV_adj,ViPr,ViPr_adj,ViPr_abs,ViPr_abs_adj,DT+,DV+,DV_adj+,ViPr+,ViPr_adj+
Salesforce/blip2-opt-2.7b,10.76418399810791,7.449910163879394,12.599918365478516,7.394062995910644,3.314273834228516,-1.8357343673706052,-1.8915815353393557,-0.5538873548745018,-0.5707378538863765,0.5538873548745018,0.5707378538863765,3.314273834228516,0.0,0.0,0.0,0.0
Salesforce/blip2-opt-2.7b,9.258678436279297,1.1181793212890625,2.6448230743408203,1.1659832000732422,8.140499114990234,6.613855361938477,6.661659240722656,0.8124631264635191,0.8183354787737297,0.8124631264635191,0.8183354787737297,8.140499114990234,6.613855361938477,6.661659240722656,0.8124631264635191,0.8183354787737297
Salesforce/blip2-opt-2.7b,13.499671936035156,8.428192138671875,12.348942756652832,7.622918128967285,5.071479797363281,1.1507291793823242,0.3454551696777344,0.2269020533179686,0.0681172327369499,0.2269020533179686,0.0681172327369499,5.071479797363281,1.1507291793823242,0.3454551696777344,0.2269020533179686,0.0681172327369499
Salesforce/blip2-opt-2.7b,6.373802185058594,4.275897026062012,4.725811004638672,3.446544647216797,2.097905158996582,1.647991180419922,0.818638801574707,0.7855413164664451,0.3902172593761379,0.7855413164664451,0.3902172593761379,2.097905158996582,1.647991180419922,0.818638801574707,0.7855413164664451,0.3902172593761379
Salesforce/blip2-opt-2.7b,8.702917098999023,2.8254165649414062,5.319721221923828,2.9365358352661133,5.877500534057617,3.3831958770751958,3.4943151473999023,0.5756181318012671,0.5945240033840629,0.5756181318012671,0.5945240033840629,5.877500534057617,3.3831958770751958,3.4943151473999023,0.5756181318012671,0.5945240033840629
Salesforce/blip2-opt-2.7b,8.822221755981445,5.557909965515137,8.807175636291504,4.99514102935791,3.2643117904663086,0.0150461196899414,-0.5477228164672852,0.00460927774543,-0.167791207343292,0.00460927774543,0.167791207343292,3.2643117904663086,0.0150461196899414,0.0,0.00460927774543,0.0
Salesforce/blip2-opt-2.7b,13.305364608764648,11.81179428100586,13.794759750366213,10.822257995605469,1.493570327758789,-0.4893951416015625,-1.4789314270019531,-0.327667959456543,-0.9901987201507928,0.327667959456543,0.9901987201507928,1.493570327758789,0.0,0.0,0.0,0.0
Salesforce/blip2-opt-2.7b,9.364288330078123,6.402722358703613,3.600200653076172,4.058880805969238,2.961565971374512,5.764087677001953,3.420246124267578,1.9462972402828984,1.1548775740019006,1.9462972402828984,1.1548775740019006,2.961565971374512,5.764087677001953,3.420246124267578,1.9462972402828984,1.1548775740019006
Salesforce/blip2-opt-2.7b,9.722229957580566,3.944149017333984,7.713998794555664,3.127552032470703,5.778080940246582,2.0082311630249023,1.191634178161621,0.3475602338895585,0.2062335558267149,0.3475602338895585,0.2062335558267149,5.778080940246582,2.0082311630249023,1.191634178161621,0.3475602338895585,0.2062335558267149
Salesforce/blip2-opt-2.7b,6.731938362121582,4.884711265563965,6.527744293212891,5.263265609741211,1.8472270965576167,0.2041940689086914,0.5827484130859375,0.1105408583975491,0.3154719926813075,0.1105408583975491,0.3154719926813075,1.8472270965576167,0.2041940689086914,0.5827484130859375,0.1105408583975491,0.3154719926813075
Salesforce/blip2-opt-2.7b,6.526612281799316,2.662446975708008,4.08095645904541,2.425537109375,3.8641653060913086,2.4456558227539062,2.2087459564208984,0.6329066251122013,0.5715971707885074,0.6329066251122013,0.5715971707885074,3.8641653060913086,2.4456558227539062,2.2087459564208984,0.6329066251122013,0.5715971707885074
Salesforce/blip2-opt-2.7b,11.168954849243164,4.979791641235352,11.462669372558594,5.070577621459961,6.1891632080078125,-0.2937145233154297,-0.2029285430908203,-0.0474562575657091,-0.0327877188354416,0.0474562575657091,0.0327877188354416,6.1891632080078125,0.0,0.0,0.0,0.0
Salesforce/blip2-opt-2.7b,6.2490997314453125,5.386333465576172,7.228521347045898,7.128033638000488,0.8627662658691406,-0.979421615600586,0.7622785568237305,-1.135210837913242,0.8835284676502969,1.135210837913242,0.8835284676502969,0.8627662658691406,0.0,0.7622785568237305,0.0,0.8835284676502969
Salesforce/blip2-opt-2.7b,7.106708526611328,5.216729164123535,6.74791431427002,3.148855209350586,1.889979362487793,0.3587942123413086,-1.7090797424316406,0.1898402805145053,-0.904284870170205,0.1898402805145053,0.904284870170205,1.889979362487793,0.3587942123413086,0.0,0.1898402805145053,0.0
Salesforce/blip2-opt-2.7b,15.499464988708496,15.686182022094728,16.16204833984375,17.223270416259766,-0.1867170333862304,-0.6625833511352539,0.8745050430297852,3.548596178500105,-4.683584711957383,3.548596178500105,4.683584711957383,0.001,0.0,0.8745050430297852,0.0,874.5050430297852
Salesforce/blip2-opt-2.7b,5.8792009353637695,2.341621398925781,4.46246337890625,2.0800037384033203,3.5375795364379883,1.4167375564575195,1.1551198959350586,0.4004821776767857,0.3265283180313046,0.4004821776767857,0.3265283180313046,3.5375795364379883,1.4167375564575195,1.1551198959350586,0.4004821776767857,0.3265283180313046
Salesforce/blip2-opt-6.7b,9.664881706237791,6.945238590240479,11.481527328491213,5.995950698852539,2.7196431159973145,-1.816645622253418,-2.7659335136413574,-0.6679720627929668,-1.017020761794721,0.6679720627929668,1.017020761794721,2.7196431159973145,0.0,0.0,0.0,0.0
Salesforce/blip2-opt-6.7b,5.560824394226074,1.1968002319335938,4.582976341247559,0.9538888931274414,4.3640241622924805,0.9778480529785156,0.7349367141723633,0.2240702655653581,0.1684080304876889,0.2240702655653581,0.1684080304876889,4.3640241622924805,0.9778480529785156,0.7349367141723633,0.2240702655653581,0.1684080304876889
Salesforce/blip2-opt-6.7b,12.824013710021973,6.983884334564209,13.357486724853516,7.244710445404053,5.840129375457764,-0.533473014831543,-0.2726469039916992,-0.091346095357644,-0.0466850794671528,0.091346095357644,0.0466850794671528,5.840129375457764,0.0,0.0,0.0,0.0
Salesforce/blip2-opt-6.7b,5.650251388549805,4.249180793762207,3.8039608001708975,3.174147605895996,1.4010705947875977,1.8462905883789065,0.7712574005126953,1.317771278083817,0.5504771875036161,1.317771278083817,0.5504771875036161,1.4010705947875977,1.8462905883789065,0.7712574005126953,1.317771278083817,0.5504771875036161
Salesforce/blip2-opt-6.7b,9.191089630126951,3.409412384033203,5.702141761779785,3.0520811080932617,5.78167724609375,3.488947868347168,3.1316165924072266,0.603449089224825,0.5416450035364785,0.603449089224825,0.5416450035364785,5.78167724609375,3.488947868347168,3.1316165924072266,0.603449089224825,0.5416450035364785
Salesforce/blip2-opt-6.7b,7.845541477203369,4.705949783325195,8.816605567932129,4.351234436035156,3.139591693878174,-0.9710640907287598,-1.3257794380187988,-0.3092962988219831,-0.4222776613289904,0.3092962988219831,0.4222776613289904,3.139591693878174,0.0,0.0,0.0,0.0
Salesforce/blip2-opt-6.7b,12.77216911315918,10.292109489440918,14.466224670410156,11.310200691223145,2.4800596237182617,-1.6940555572509766,-0.67596435546875,-0.6830704959871657,-0.2725597195342028,0.6830704959871657,0.2725597195342028,2.4800596237182617,0.0,0.0,0.0,0.0
Salesforce/blip2-opt-6.7b,11.185043334960938,6.49536657333374,3.895808219909668,4.566147804260254,4.689676761627197,7.289235115051269,5.360016345977783,1.5543150382334865,1.142939400394409,1.5543150382334865,1.142939400394409,4.689676761627197,7.289235115051269,5.360016345977783,1.5543150382334865,1.142939400394409
Salesforce/blip2-opt-6.7b,8.753803253173828,3.5110292434692383,10.813436508178713,3.3425817489624023,5.24277400970459,-2.059633255004883,-2.2280807495117188,-0.3928518092125308,-0.4249812685779417,0.3928518092125308,0.4249812685779417,5.24277400970459,0.0,0.0,0.0,0.0
Salesforce/blip2-opt-6.7b,6.667328357696533,5.662281036376953,7.534333229064941,5.867189407348633,1.00504732131958,-0.8670048713684082,-0.6620965003967285,-0.8626507956163412,-0.6587714691159287,0.8626507956163412,0.6587714691159287,1.00504732131958,0.0,0.0,0.0,0.0
Salesforce/blip2-opt-6.7b,5.586009979248047,2.693714141845703,5.186358451843262,2.264442443847656,2.892295837402344,0.3996515274047851,-0.0296201705932617,0.1381779561539334,-0.010241058404269,0.1381779561539334,0.010241058404269,2.892295837402344,0.3996515274047851,0.0,0.1381779561539334,0.0
Salesforce/blip2-opt-6.7b,5.88252067565918,5.252765655517578,6.796632766723633,5.851863861083984,0.6297550201416016,-0.9141120910644532,-0.3150138854980469,-1.4515360129386716,-0.5002165531403234,1.4515360129386716,0.5002165531403234,0.6297550201416016,0.0,0.0,0.0,0.0
Salesforce/blip2-opt-6.7b,6.163534641265869,6.018105030059815,8.439844131469727,7.51076078414917,0.1454296112060547,-2.2763094902038574,-0.783653736114502,-15.652310910593204,-5.3885431557962935,15.652310910593204,5.3885431557962935,0.1454296112060547,0.0,0.0,0.0,0.0
Salesforce/blip2-opt-6.7b,9.440954208374023,7.871253490447998,9.516815185546877,4.047572135925293,1.5697007179260254,-0.0758609771728515,-3.8995423316955566,-0.0483283063494315,-2.484258487724874,0.0483283063494315,2.484258487724874,1.5697007179260254,0.0,0.0,0.0,0.0
Salesforce/blip2-opt-6.7b,14.152836799621582,15.49404525756836,14.990771293640137,16.1572322845459,-1.3412084579467771,-0.8379344940185547,-0.1747474670410156,0.6247608185392208,0.1302910565509944,0.6247608185392208,0.1302910565509944,0.001,0.0,0.0,0.0,0.0
Salesforce/blip2-opt-6.7b,4.077943801879883,2.536798477172852,3.663458824157715,2.064228057861328,1.5411453247070312,0.4144849777221679,-0.0580854415893554,0.268946069573913,-0.0376897886644125,0.268946069573913,0.0376897886644125,1.5411453247070312,0.4144849777221679,0.0,0.268946069573913,0.0
Salesforce/blip2-opt-2.7b-coco,11.478976249694824,5.495408058166504,11.67198657989502,5.833157539367676,5.98356819152832,-0.1930103302001953,0.1447391510009765,-0.0322567277621175,0.0241894378685115,0.0322567277621175,0.0241894378685115,5.98356819152832,0.0,0.1447391510009765,0.0,0.0241894378685115
Salesforce/blip2-opt-2.7b-coco,7.79116153717041,1.1017169952392578,1.613912582397461,1.146810531616211,6.689444541931152,6.177248954772949,6.222342491149902,0.923432269458603,0.9301732680713124,0.923432269458603,0.9301732680713124,6.689444541931152,6.177248954772949,6.222342491149902,0.923432269458603,0.9301732680713124
Salesforce/blip2-opt-2.7b-coco,12.66230297088623,8.852151870727539,13.609081268310549,7.772767066955566,3.8101511001586914,-0.9467782974243164,-2.026163101196289,-0.2484883860340561,-0.531780249111879,0.2484883860340561,0.531780249111879,3.8101511001586914,0.0,0.0,0.0,0.0
Salesforce/blip2-opt-2.7b-coco,5.770539283752441,4.1549482345581055,6.360934257507324,3.559260368347168,1.615591049194336,-0.5903949737548828,-1.1860828399658203,-0.3654359028847686,-0.7341479395774673,0.3654359028847686,0.7341479395774673,1.615591049194336,0.0,0.0,0.0,0.0
Salesforce/blip2-opt-2.7b-coco,7.358806610107422,2.801239013671875,5.793195724487305,3.235274314880371,4.557567596435547,1.5656108856201172,1.9996461868286133,0.3435189610450483,0.4387529410189171,0.3435189610450483,0.4387529410189171,4.557567596435547,1.5656108856201172,1.9996461868286133,0.3435189610450483,0.4387529410189171
Salesforce/blip2-opt-2.7b-coco,7.970511436462402,3.9329986572265625,9.140229225158691,4.640117645263672,4.03751277923584,-1.169717788696289,-0.4625988006591797,-0.2897124672179182,-0.1145751916967885,0.2897124672179182,0.1145751916967885,4.03751277923584,0.0,0.0,0.0,0.0
Salesforce/blip2-opt-2.7b-coco,15.13014793395996,9.987032890319824,15.261159896850586,9.321820259094238,5.143115043640137,-0.131011962890625,-0.7962245941162109,-0.0254732709221878,-0.1548136853560771,0.0254732709221878,0.1548136853560771,5.143115043640137,0.0,0.0,0.0,0.0
Salesforce/blip2-opt-2.7b-coco,9.148009300231934,6.1827239990234375,3.817702293395996,4.2094573974609375,2.965285301208496,5.3303070068359375,3.357040405273437,1.7975696991664112,1.1321137982592375,1.7975696991664112,1.1321137982592375,2.965285301208496,5.3303070068359375,3.357040405273437,1.7975696991664112,1.1321137982592375
Salesforce/blip2-opt-2.7b-coco,9.879155158996582,3.816775321960449,10.1940336227417,2.6113452911376958,6.062379837036133,-0.3148784637451172,-1.520308494567871,-0.0519397451511483,-0.2507775057709255,0.0519397451511483,0.2507775057709255,6.062379837036133,0.0,0.0,0.0,0.0
Salesforce/blip2-opt-2.7b-coco,5.462207794189453,4.4146881103515625,4.361126899719238,3.4855308532714844,1.0475196838378906,1.1010808944702148,0.1719236373901367,1.0511314598271675,0.1641244933558144,1.0511314598271675,0.1641244933558144,1.0475196838378906,1.1010808944702148,0.1719236373901367,1.0511314598271675,0.1641244933558144
Salesforce/blip2-opt-2.7b-coco,4.984532356262207,2.76114273071289,3.684202194213867,2.1585941314697266,2.2233896255493164,1.3003301620483398,0.6977815628051758,0.5848413373463848,0.3138368348879832,0.5848413373463848,0.3138368348879832,2.2233896255493164,1.3003301620483398,0.6977815628051758,0.5848413373463848,0.3138368348879832
Salesforce/blip2-opt-2.7b-coco,8.695613861083984,5.3312530517578125,6.447776794433594,5.5110273361206055,3.364360809326172,2.24783706665039,2.427611351013184,0.6681319852553498,0.7215668855384734,0.6681319852553498,0.7215668855384734,3.364360809326172,2.24783706665039,2.427611351013184,0.6681319852553498,0.7215668855384734
Salesforce/blip2-opt-2.7b-coco,6.003108978271484,5.570416450500488,8.031572341918945,8.321822166442871,0.4326925277709961,-2.028463363647461,0.7229423522949219,-4.688001833766428,1.6707992532691516,4.688001833766428,1.6707992532691516,0.4326925277709961,0.0,0.7229423522949219,0.0,1.6707992532691516
Salesforce/blip2-opt-2.7b-coco,5.844913482666016,4.054840087890625,7.512734413146973,3.879983901977539,1.7900733947753906,-1.667820930480957,-1.842677116394043,-0.9317053341772206,-1.029386349058192,0.9317053341772206,1.029386349058192,1.7900733947753906,0.0,0.0,0.0,0.0
Salesforce/blip2-opt-2.7b-coco,14.013639450073242,12.283818244934082,13.49598789215088,11.948650360107422,1.7298212051391602,0.5176515579223633,0.1824836730957031,0.2992514812423746,0.1054927946041815,0.2992514812423746,0.1054927946041815,1.7298212051391602,0.5176515579223633,0.1824836730957031,0.2992514812423746,0.1054927946041815
Salesforce/blip2-opt-2.7b-coco,4.006976127624512,2.0514583587646484,2.9397220611572266,2.147825241088867,1.9555177688598635,1.0672540664672852,1.163620948791504,0.5457654660379447,0.5950449376228049,0.5457654660379447,0.5950449376228049,1.9555177688598635,1.0672540664672852,1.163620948791504,0.5457654660379447,0.5950449376228049
Salesforce/blip2-opt-6.7b-coco,11.163330078125,6.287478446960449,12.029607772827148,4.860325813293457,4.875851631164551,-0.8662776947021484,-2.2934303283691406,-0.1776669513824493,-0.4703650770893897,0.1776669513824493,0.4703650770893897,4.875851631164551,0.0,0.0,0.0,0.0
Salesforce/blip2-opt-6.7b-coco,8.298187255859375,1.706220626831055,3.292178153991699,1.122295379638672,6.59196662902832,5.006009101867676,4.422083854675293,0.7594105649478355,0.6708292234372436,0.7594105649478355,0.6708292234372436,6.59196662902832,5.006009101867676,4.422083854675293,0.7594105649478355,0.6708292234372436
Salesforce/blip2-opt-6.7b-coco,14.33767032623291,7.29380989074707,13.37702751159668,6.642107009887695,7.04386043548584,0.9606428146362304,0.3089399337768554,0.136380160202588,0.0438594626634658,0.136380160202588,0.0438594626634658,7.04386043548584,0.9606428146362304,0.3089399337768554,0.136380160202588,0.0438594626634658
Salesforce/blip2-opt-6.7b-coco,7.888964653015137,4.6272478103637695,4.828854560852051,3.1404333114624023,3.261716842651367,3.060110092163086,1.5732955932617188,0.9381899900530912,0.4823519849082995,0.9381899900530912,0.4823519849082995,3.261716842651367,3.060110092163086,1.5732955932617188,0.9381899900530912,0.4823519849082995
Salesforce/blip2-opt-6.7b-coco,7.137249946594238,2.667806625366211,5.001608848571777,2.778338432312012,4.469443321228027,2.135641098022461,2.2461729049682617,0.4778315652598254,0.5025621187094731,0.4778315652598254,0.5025621187094731,4.469443321228027,2.135641098022461,2.2461729049682617,0.4778315652598254,0.5025621187094731
Salesforce/blip2-opt-6.7b-coco,9.995790481567385,5.031026840209961,10.55363655090332,4.195381164550781,4.964763641357422,-0.5578460693359375,-1.3934917449951172,-0.1123610527375309,-0.2806763515159245,0.1123610527375309,0.2806763515159245,4.964763641357422,0.0,0.0,0.0,0.0
Salesforce/blip2-opt-6.7b-coco,16.25682258605957,13.258745193481444,15.185267448425291,10.448272705078123,2.998077392578125,1.0715551376342771,-1.738917350769043,0.3574141015461976,-0.5800108279638847,0.3574141015461976,0.5800108279638847,2.998077392578125,1.0715551376342771,0.0,0.3574141015461976,0.0
Salesforce/blip2-opt-6.7b-coco,12.22133731842041,6.742741107940674,4.083490371704102,4.722311019897461,5.478596210479736,8.137846946716309,6.117416858673096,1.4853890730530246,1.116602980699945,1.4853890730530246,1.116602980699945,5.478596210479736,8.137846946716309,6.117416858673096,1.4853890730530246,1.116602980699945
Salesforce/blip2-opt-6.7b-coco,11.216195106506348,3.4740467071533203,11.559959411621094,3.706679344177246,7.742148399353027,-0.3437643051147461,-0.1111316680908203,-0.0444016682944843,-0.0143541123675835,0.0444016682944843,0.0143541123675835,7.742148399353027,0.0,0.0,0.0,0.0
Salesforce/blip2-opt-6.7b-coco,6.459705352783203,4.680144309997559,6.975165843963623,3.946101188659668,1.7795610427856443,-0.5154604911804199,-1.2495036125183103,-0.28965597627016,-0.7021414733615398,0.28965597627016,0.7021414733615398,1.7795610427856443,0.0,0.0,0.0,0.0
Salesforce/blip2-opt-6.7b-coco,6.094540596008301,2.141617774963379,3.978493690490722,2.401477813720703,3.952922821044922,2.116046905517578,2.3759069442749023,0.5353119707402278,0.6010506786587985,0.5353119707402278,0.6010506786587985,3.952922821044922,2.116046905517578,2.3759069442749023,0.5353119707402278,0.6010506786587985
Salesforce/blip2-opt-6.7b-coco,6.632135391235352,5.198585510253906,6.544614791870117,6.068365097045898,1.433549880981445,0.0875205993652343,0.9573001861572266,0.0610516596083252,0.6677829623213628,0.0610516596083252,0.6677829623213628,1.433549880981445,0.0875205993652343,0.9573001861572266,0.0610516596083252,0.6677829623213628
Salesforce/blip2-opt-6.7b-coco,6.956521987915039,6.420412063598633,8.607765197753906,7.555100917816162,0.5361099243164062,-1.6512432098388672,-0.5165543556213379,-3.0800459662155437,-0.9635232108041952,3.0800459662155437,0.9635232108041952,0.5361099243164062,0.0,0.0,0.0,0.0
Salesforce/blip2-opt-6.7b-coco,8.639817237854004,5.338932991027832,7.834702968597412,4.958492279052734,3.300884246826172,0.8051142692565918,0.4246735572814941,0.2439086647860239,0.1286544833221042,0.2439086647860239,0.1286544833221042,3.300884246826172,0.8051142692565918,0.4246735572814941,0.2439086647860239,0.1286544833221042
Salesforce/blip2-opt-6.7b-coco,14.121195793151855,12.031702995300291,16.662940979003906,13.597344398498535,2.0894927978515625,-2.541745185852051,-0.9761037826538086,-1.2164412284481183,-0.4671486705565333,1.2164412284481183,0.4671486705565333,2.0894927978515625,0.0,0.0,0.0,0.0
Salesforce/blip2-opt-6.7b-coco,4.08098030090332,1.8286733627319336,2.911351203918457,1.9231624603271484,2.2523069381713867,1.1696290969848633,1.264118194580078,0.5193027101068504,0.5612548508181554,0.5193027101068504,0.5612548508181554,2.2523069381713867,1.1696290969848633,1.264118194580078,0.5193027101068504,0.5612548508181554
Salesforce/blip-image-captioning-base,5.55442476272583,4.385601997375488,4.520713806152344,3.391445636749268,1.1688227653503418,1.0337109565734863,0.0395545959472656,0.884403510282111,0.0338413976180636,0.884403510282111,0.0338413976180636,1.1688227653503418,1.0337109565734863,0.0395545959472656,0.884403510282111,0.0338413976180636
Salesforce/blip-image-captioning-base,5.458958625793457,5.909729480743408,5.483151435852051,5.985787391662598,-0.4507708549499511,-0.0241928100585937,0.0518651008605957,0.0536698630644163,-0.1150586829007706,0.0536698630644163,0.1150586829007706,0.001,0.0,0.0518651008605957,0.0,51.8651008605957
Salesforce/blip-image-captioning-base,4.128390789031982,3.808302402496338,3.612280368804932,2.7767295837402344,0.3200883865356445,0.5161104202270508,-0.5154623985290527,1.6123997056343609,-1.61037519701344,1.6123997056343609,1.61037519701344,0.3200883865356445,0.5161104202270508,0.0,1.6123997056343609,0.0
Salesforce/blip-image-captioning-base,5.84491491317749,4.9544596672058105,4.551977634429932,5.016244411468506,0.8904552459716797,1.2929372787475586,1.354722023010254,1.4519958016943162,1.5213813710895243,1.4519958016943162,1.5213813710895243,0.8904552459716797,1.2929372787475586,1.354722023010254,1.4519958016943162,1.5213813710895243
Salesforce/blip-image-captioning-base,5.120437145233154,5.453518390655518,5.583164215087891,6.440043926239014,-0.3330812454223633,-0.4627270698547363,0.5237984657287598,1.3892318352177884,-1.572584685951194,1.3892318352177884,1.572584685951194,0.001,0.0,0.5237984657287598,0.0,523.7984657287598
Salesforce/blip-image-captioning-base,5.983684539794922,4.424668788909912,5.778039455413818,3.998537540435791,1.5590157508850098,0.2056450843811035,-0.2204861640930175,0.1319069959776638,-0.1414265147532048,0.1319069959776638,0.1414265147532048,1.5590157508850098,0.2056450843811035,0.0,0.1319069959776638,0.0
Salesforce/blip-image-captioning-base,3.459076404571533,2.874408721923828,3.5871591567993164,3.099438190460205,0.5846676826477051,-0.1280827522277832,0.0969467163085937,-0.2190693209649492,0.1658150761293395,0.2190693209649492,0.1658150761293395,0.5846676826477051,0.0,0.0969467163085937,0.0,0.1658150761293395
Salesforce/blip-image-captioning-base,3.070886611938477,3.590495586395264,3.1305489540100098,3.635153770446777,-0.5196089744567871,-0.0596623420715332,-0.0150041580200195,0.114821615877412,0.0288758638853481,0.114821615877412,0.0288758638853481,0.001,0.0,0.0,0.0,0.0
Salesforce/blip-image-captioning-base,4.436604499816895,4.444864749908447,4.715086936950684,4.4494309425354,-0.0082602500915527,-0.278482437133789,-0.2739162445068359,33.71356000692721,33.160768919933034,33.71356000692721,33.160768919933034,0.001,0.0,0.0,0.0,0.0
Salesforce/blip-image-captioning-base,4.263830661773682,2.8764476776123047,3.62677001953125,2.438263416290283,1.387382984161377,0.6370606422424316,0.1988763809204101,0.4591815306337434,0.1433464178174448,0.4591815306337434,0.1433464178174448,1.387382984161377,0.6370606422424316,0.1988763809204101,0.4591815306337434,0.1433464178174448
Salesforce/blip-image-captioning-base,5.803532123565674,5.994705677032471,5.039193630218506,5.9269633293151855,-0.1911735534667968,0.764338493347168,0.6965961456298828,-3.998139279656789,-3.643789284645316,3.998139279656789,3.643789284645316,0.001,0.764338493347168,0.6965961456298828,764.338493347168,696.5961456298828
Salesforce/blip-image-captioning-base,4.302488327026367,4.519863605499268,4.920150279998779,5.05188512802124,-0.2173752784729004,-0.6176619529724121,-0.0856404304504394,2.841454452923976,0.3939750235264955,2.841454452923976,0.3939750235264955,0.001,0.0,0.0,0.0,0.0
Salesforce/blip-image-captioning-base,3.7523269653320312,5.870759010314941,3.0751309394836426,5.603005886077881,-2.11843204498291,0.6771960258483887,0.4094429016113281,-0.3196685149529315,-0.193276391650614,0.3196685149529315,0.193276391650614,0.001,0.6771960258483887,0.4094429016113281,677.1960258483887,409.4429016113281
Salesforce/blip-image-captioning-base,4.108292102813721,3.721543312072754,3.483273983001709,2.705639362335205,0.3867487907409668,0.6250181198120117,-0.3908858299255371,1.6160829323203518,-1.0106969673431796,1.6160829323203518,1.0106969673431796,0.3867487907409668,0.6250181198120117,0.0,1.6160829323203518,0.0
Salesforce/blip-image-captioning-base,3.632793426513672,3.2792553901672363,3.386073589324951,2.878556728363037,0.3535380363464355,0.2467198371887207,-0.1539788246154785,0.697859386611961,-0.4355367988314363,0.697859386611961,0.4355367988314363,0.3535380363464355,0.2467198371887207,0.0,0.697859386611961,0.0
Salesforce/blip-image-captioning-base,5.578928470611572,5.956768035888672,5.795106887817383,4.31120491027832,-0.3778395652770996,-0.2161784172058105,-1.861741542816162,0.5721434097227743,4.927333487298505,0.5721434097227743,4.927333487298505,0.001,0.0,0.0,0.0,0.0
microsoft/git-base-textcaps,7.665315628051758,6.7225871086120605,7.798175811767578,6.785531997680664,0.9427285194396972,-0.1328601837158203,-0.0699152946472168,-0.1409315417706729,-0.074162702416991,0.1409315417706729,0.074162702416991,0.9427285194396972,0.0,0.0,0.0,0.0
microsoft/git-base-textcaps,6.585135459899902,8.23444652557373,6.85142707824707,9.662750244140623,-1.649311065673828,-0.2662916183471679,1.1620121002197266,0.1614562734036918,-0.7045439301318124,0.1614562734036918,0.7045439301318124,0.001,0.0,1.1620121002197266,0.0,1162.0121002197266
microsoft/git-base-textcaps,8.35737133026123,7.110175609588623,5.281691074371338,4.558752536773682,1.2471957206726074,3.0756802558898926,0.5242571830749512,2.4660766589474754,0.4203487667454643,2.4660766589474754,0.4203487667454643,1.2471957206726074,3.0756802558898926,0.5242571830749512,2.4660766589474754,0.4203487667454643
microsoft/git-base-textcaps,6.203681945800781,5.937038421630859,6.511327743530273,6.708854675292969,0.2666435241699219,-0.3076457977294922,0.4641704559326172,-1.153771870842215,1.7407902831227915,1.153771870842215,1.7407902831227915,0.2666435241699219,0.0,0.4641704559326172,0.0,1.7407902831227915
microsoft/git-base-textcaps,5.345372676849365,6.146956920623779,5.259472370147705,6.286583423614502,-0.8015842437744141,0.0859003067016601,0.2255268096923828,-0.107163167650579,-0.2813513507082503,0.107163167650579,0.2813513507082503,0.001,0.0859003067016601,0.2255268096923828,85.90030670166016,225.5268096923828
microsoft/git-base-textcaps,6.941414833068848,5.775683403015137,7.423035144805908,5.305713176727295,1.165731430053711,-0.4816203117370605,-0.9515905380249025,-0.413148602946109,-0.8163034070215108,0.413148602946109,0.8163034070215108,1.165731430053711,0.0,0.0,0.0,0.0
microsoft/git-base-textcaps,5.144504070281982,4.647786617279053,4.427491188049316,3.26297378540039,0.4967174530029297,0.717012882232666,-0.6677999496459961,1.4435024940193455,-1.344426183555216,1.4435024940193455,1.344426183555216,0.4967174530029297,0.717012882232666,0.0,1.4435024940193455,0.0
microsoft/git-base-textcaps,6.287877082824707,6.2022705078125,5.63068437576294,6.146897792816162,0.085606575012207,0.6571927070617676,0.6018199920654297,7.676895226424553,7.030067398206428,7.676895226424553,7.030067398206428,0.085606575012207,0.6571927070617676,0.6018199920654297,7.676895226424553,7.030067398206428
microsoft/git-base-textcaps,5.0355730056762695,4.540775299072266,5.687014579772949,5.122025012969971,0.4947977066040039,-0.6514415740966797,-0.0701918601989746,-1.3165816360948512,-0.1418597120846206,1.3165816360948512,0.1418597120846206,0.4947977066040039,0.0,0.0,0.0,0.0
microsoft/git-base-textcaps,5.535555839538574,4.010509490966797,5.369872093200684,3.974466323852539,1.5250463485717771,0.1656837463378906,0.1296405792236328,0.1086417776699411,0.0850076322893678,0.1086417776699411,0.0850076322893678,1.5250463485717771,0.1656837463378906,0.1296405792236328,0.1086417776699411,0.0850076322893678
microsoft/git-base-textcaps,5.959225654602051,7.115082740783691,5.577338218688965,7.524458408355713,-1.1558570861816406,0.3818874359130859,0.7912631034851074,-0.3303932990320164,-0.684568285253184,0.3303932990320164,0.684568285253184,0.001,0.3818874359130859,0.7912631034851074,381.88743591308594,791.2631034851074
microsoft/git-base-textcaps,4.644041061401367,4.281116962432861,5.606184959411621,5.759631156921387,0.3629240989685058,-0.962143898010254,0.5163702964782715,-2.651088480331937,1.4228052034733618,2.651088480331937,1.4228052034733618,0.3629240989685058,0.0,0.5163702964782715,0.0,1.4228052034733618
microsoft/git-base-textcaps,8.696762084960938,9.068775177001951,7.4047040939331055,8.342399597167969,-0.3720130920410156,1.292057991027832,0.5656824111938477,-3.4731519365059835,-1.5205981275827771,3.4731519365059835,1.5205981275827771,0.001,1.292057991027832,0.5656824111938477,1292.057991027832,565.6824111938477
microsoft/git-base-textcaps,9.00760269165039,4.656976699829102,8.132706642150879,3.874049663543701,4.350625991821289,0.8748960494995117,0.0919690132141113,0.2010965895814125,0.0211392598184728,0.2010965895814125,0.0211392598184728,4.350625991821289,0.8748960494995117,0.0919690132141113,0.2010965895814125,0.0211392598184728
microsoft/git-base-textcaps,3.73602819442749,2.3176093101501465,4.491985321044922,1.8458003997802732,1.4184188842773438,-0.7559571266174316,-1.227766036987305,-0.5329576015921255,-0.8655877686039319,0.5329576015921255,0.8655877686039319,1.4184188842773438,0.0,0.0,0.0,0.0
microsoft/git-base-textcaps,5.71626615524292,4.766296863555908,5.591269493103027,4.87799072265625,0.9499692916870116,0.1249966621398925,0.2366905212402343,0.1315796870843226,0.2491559709471296,0.1315796870843226,0.2491559709471296,0.9499692916870116,0.1249966621398925,0.2366905212402343,0.1315796870843226,0.2491559709471296
microsoft/git-large-textcaps,7.231473922729492,6.293063640594482,7.786951065063477,5.96396017074585,0.9384102821350098,-0.5554771423339844,-0.8845806121826172,-0.5919342028842641,-0.9426373826276468,0.5919342028842641,0.9426373826276468,0.9384102821350098,0.0,0.0,0.0,0.0
microsoft/git-large-textcaps,6.840679168701172,8.793611526489258,7.288538932800293,9.334066390991213,-1.952932357788086,-0.4478597640991211,0.092595100402832,0.2293268183678272,-0.047413367920078,0.2293268183678272,0.047413367920078,0.001,0.0,0.092595100402832,0.0,92.59510040283205
microsoft/git-large-textcaps,5.9743757247924805,5.560192108154297,5.958730697631836,4.82764196395874,0.4141836166381836,0.0156450271606445,-0.7169051170349121,0.0377731675811587,-1.7308871916611217,0.0377731675811587,1.7308871916611217,0.4141836166381836,0.0156450271606445,0.0,0.0377731675811587,0.0
microsoft/git-large-textcaps,6.903965950012207,6.832342147827148,7.05397891998291,6.820324420928955,0.0716238021850586,-0.1500129699707031,-0.1620306968688964,-2.0944569457944424,-2.26224651478636,2.0944569457944424,2.26224651478636,0.0716238021850586,0.0,0.0,0.0,0.0
microsoft/git-large-textcaps,6.648410797119141,7.579647064208984,6.649005889892578,8.043821334838867,-0.9312362670898438,-0.0005950927734375,0.4635791778564453,0.0006390352206719,-0.4978104850932746,0.0006390352206719,0.4978104850932746,0.001,0.0,0.4635791778564453,0.0,463.5791778564453
microsoft/git-large-textcaps,5.772353172302246,5.20700740814209,6.637711524963379,5.357624053955078,0.5653457641601562,-0.8653583526611328,-0.7147417068481445,-1.5306709761001875,-1.2642558804874429,1.5306709761001875,1.2642558804874429,0.5653457641601562,0.0,0.0,0.0,0.0
microsoft/git-large-textcaps,3.9148778915405273,3.209115505218506,6.269202709197998,4.906078815460205,0.7057623863220215,-2.3543248176574707,-0.6573615074157715,-3.335860430203278,-0.93142043293284,3.335860430203278,0.93142043293284,0.7057623863220215,0.0,0.0,0.0,0.0
microsoft/git-large-textcaps,3.764713287353516,4.612123966217041,3.984931468963623,5.495946884155273,-0.8474106788635254,-0.2202181816101074,0.663604736328125,0.2598718509252741,-0.7830969716101464,0.2598718509252741,0.7830969716101464,0.001,0.0,0.663604736328125,0.0,663.604736328125
microsoft/git-large-textcaps,5.528500556945801,4.433374404907227,5.279763221740723,4.280019760131836,1.0951261520385742,0.2487373352050781,0.0953826904296875,0.227131216565374,0.0870974455793361,0.227131216565374,0.0870974455793361,1.0951261520385742,0.2487373352050781,0.0953826904296875,0.227131216565374,0.0870974455793361
microsoft/git-large-textcaps,3.9958672523498535,2.4761276245117188,3.5963120460510254,2.452371597290039,1.5197396278381348,0.3995552062988281,0.3757991790771484,0.2629103031729223,0.2472786602345374,0.2629103031729223,0.2472786602345374,1.5197396278381348,0.3995552062988281,0.3757991790771484,0.2629103031729223,0.2472786602345374
microsoft/git-large-textcaps,6.350835800170898,7.620613098144531,7.01092529296875,8.320293426513672,-1.2697772979736328,-0.6600894927978516,0.039590835571289,0.5198466643333849,-0.0311793537610649,0.5198466643333849,0.0311793537610649,0.001,0.0,0.039590835571289,0.0,39.59083557128906
microsoft/git-large-textcaps,5.286301136016846,4.936837196350098,5.781262874603272,5.867267608642578,0.349463939666748,-0.4949617385864258,0.4354686737060547,-1.4163456723415462,1.2461047458038776,1.4163456723415462,1.2461047458038776,0.349463939666748,0.0,0.4354686737060547,0.0,1.2461047458038776
microsoft/git-large-textcaps,6.9868597984313965,8.046248435974121,7.790305137634277,8.93886661529541,-1.0593886375427246,-0.8034453392028809,0.0891728401184082,0.7584047163904741,-0.0841738687373942,0.7584047163904741,0.0841738687373942,0.001,0.0,0.0891728401184082,0.0,89.1728401184082
microsoft/git-large-textcaps,7.701216220855713,4.117810726165772,8.084073066711426,5.29569673538208,3.5834054946899414,-0.3828568458557129,0.7950291633605957,-0.1068416193542841,0.2218641358168109,0.1068416193542841,0.2218641358168109,3.5834054946899414,0.0,0.7950291633605957,0.0,0.2218641358168109
microsoft/git-large-textcaps,5.437828063964844,3.8840818405151367,6.8934245109558105,2.9352927207946777,1.553746223449707,-1.4555964469909668,-2.404385566711426,-0.9368302397280664,-1.547476370609021,0.9368302397280664,1.547476370609021,1.553746223449707,0.0,0.0,0.0,0.0
microsoft/git-large-textcaps,6.9733991622924805,7.215810775756836,7.651298522949219,8.028681755065918,-0.2424116134643554,-0.6778993606567383,0.1349716186523437,2.796480543851574,-0.5567869324552397,2.796480543851574,0.5567869324552397,0.001,0.0,0.1349716186523437,0.0,134.97161865234375
microsoft/git-base-msrvtt-qa,0.3820180892944336,0.2460365295410156,1.55523681640625,1.4171171188354492,0.1359815597534179,-1.1732187271118164,-0.0021381378173828,-8.627778128440882,-0.0157237335802001,8.627778128440882,0.0157237335802001,0.1359815597534179,0.0,0.0,0.0,0.0
microsoft/git-base-msrvtt-qa,3.115164279937744,3.178603172302246,2.714082717895508,3.2439608573913574,-0.0634388923645019,0.4010815620422363,0.4664392471313476,-6.322329206785878,-7.352575521831616,6.322329206785878,7.352575521831616,0.001,0.4010815620422363,0.4664392471313476,401.0815620422363,466.43924713134766
microsoft/git-base-msrvtt-qa,0.1904172897338867,0.6779518127441406,0.1833858489990234,0.2422618865966797,-0.4875345230102539,0.0070314407348632,-0.4286584854125976,-0.0144224468278637,0.8792371928163578,0.0144224468278637,0.8792371928163578,0.001,0.0070314407348632,0.0,7.031440734863281,0.0
microsoft/git-base-msrvtt-qa,0.8600950241088867,1.5426883697509766,0.4226913452148437,1.1184768676757812,-0.6825933456420898,0.4374036788940429,0.0131921768188476,-0.6407968693023133,-0.0193265535081334,0.6407968693023133,0.0193265535081334,0.001,0.4374036788940429,0.0131921768188476,437.40367889404297,13.192176818847656
microsoft/git-base-msrvtt-qa,2.659127712249756,2.1275863647460938,2.504695415496826,2.7779502868652344,0.5315413475036621,0.1544322967529297,0.8047962188720703,0.2905367521796895,1.5140801795603034,0.2905367521796895,1.5140801795603034,0.5315413475036621,0.1544322967529297,0.8047962188720703,0.2905367521796895,1.5140801795603034
microsoft/git-base-msrvtt-qa,2.193655490875244,0.8875751495361328,3.100805759429932,2.4384841918945312,1.306080341339111,-0.9071502685546876,0.6437587738037109,-0.6945593160253796,0.4928937014270281,0.6945593160253796,0.4928937014270281,1.306080341339111,0.0,0.6437587738037109,0.0,0.4928937014270281
microsoft/git-base-msrvtt-qa,0.1173925399780273,0.1212959289550781,0.6243219375610352,0.6974096298217773,-0.0039033889770507,-0.5069293975830078,0.0691843032836914,129.86904471048132,-17.72416320547276,129.86904471048132,17.72416320547276,0.001,0.0,0.0691843032836914,0.0,69.1843032836914
microsoft/git-base-msrvtt-qa,0.2795639038085937,0.401987075805664,0.7436180114746094,0.4285945892333984,-0.1224231719970703,-0.4640541076660156,-0.4374465942382812,3.79057412167952,3.5732336215626703,3.79057412167952,3.5732336215626703,0.001,0.0,0.0,0.0,0.0
microsoft/git-base-msrvtt-qa,0.2284669876098632,0.2271738052368164,0.2902173995971679,0.3317995071411133,0.0012931823730468,-0.0617504119873046,0.0428752899169921,-47.750737463126846,33.15486725663717,47.750737463126846,33.15486725663717,0.0012931823730468,0.0,0.0428752899169921,0.0,33.15486725663717
microsoft/git-base-msrvtt-qa,0.1642875671386718,0.1603202819824218,0.1740427017211914,0.1646556854248047,0.00396728515625,-0.0097551345825195,-0.0054197311401367,-2.4588942307692307,-1.3661057692307692,2.4588942307692307,1.3661057692307692,0.00396728515625,0.0,0.0,0.0,0.0
microsoft/git-base-msrvtt-qa,2.2578821182250977,2.2603015899658203,2.2237329483032227,2.496511936187744,-0.0024194717407226,0.034149169921875,0.2703595161437988,-14.114308238076468,-111.74320063066614,14.114308238076468,111.74320063066614,0.001,0.034149169921875,0.2703595161437988,34.149169921875,270.3595161437988
microsoft/git-base-msrvtt-qa,1.2567777633666992,1.689676284790039,1.2548551559448242,2.48664665222168,-0.4328985214233398,0.001922607421875,0.7988929748535156,-0.0044412427548923,-1.845450920522463,0.0044412427548923,1.845450920522463,0.001,0.001922607421875,0.7988929748535156,1.922607421875,798.8929748535156
microsoft/git-base-msrvtt-qa,1.112348556518555,1.489948272705078,0.1807212829589843,0.3293828964233398,-0.3775997161865234,0.9316272735595704,-0.2289381027221679,-2.4672351000904174,0.6062983972399998,2.4672351000904174,0.6062983972399998,0.001,0.9316272735595704,0.0,931.6272735595704,0.0
microsoft/git-base-msrvtt-qa,1.8562049865722656,0.5186748504638672,3.2576122283935547,0.4843358993530273,1.3375301361083984,-1.401407241821289,-1.435746192932129,-1.047757507654178,-1.0734309113284688,1.047757507654178,1.0734309113284688,1.3375301361083984,0.0,0.0,0.0,0.0
microsoft/git-base-msrvtt-qa,0.1378107070922851,0.1150798797607421,0.2571630477905273,0.2215394973754882,0.0227308273315429,-0.1193523406982421,-0.012892723083496,-5.250681770505559,-0.5671911055170967,5.250681770505559,0.5671911055170967,0.0227308273315429,0.0,0.0,0.0,0.0
microsoft/git-base-msrvtt-qa,2.704854965209961,2.690507411956787,3.408194065093994,3.661767482757568,0.0143475532531738,-0.7033390998840332,0.267920970916748,-49.02153610954169,18.6736348831799,49.02153610954169,18.6736348831799,0.0143475532531738,0.0,0.267920970916748,0.0,18.6736348831799
microsoft/git-large-msrvtt-qa,1.059112548828125,0.8717451095581055,0.298654556274414,0.3246431350708008,0.1873674392700195,0.7604579925537109,0.2133560180664062,4.058645384259094,1.1387038158691702,4.058645384259094,1.1387038158691702,0.1873674392700195,0.7604579925537109,0.2133560180664062,4.058645384259094,1.1387038158691702
microsoft/git-large-msrvtt-qa,2.2805933952331543,2.262324810028076,2.677248477935791,2.978745937347412,0.0182685852050781,-0.3966550827026367,0.3197660446166992,-21.71241386510754,17.503602004593862,21.71241386510754,17.503602004593862,0.0182685852050781,0.0,0.3197660446166992,0.0,17.503602004593862
microsoft/git-large-msrvtt-qa,2.162130355834961,2.2920408248901367,0.5228796005249023,0.4012308120727539,-0.1299104690551757,1.6392507553100586,-0.2515592575073242,-12.618311420412418,1.936404812767488,12.618311420412418,1.936404812767488,0.001,1.6392507553100586,0.0,1639.2507553100586,0.0
microsoft/git-large-msrvtt-qa,1.7726173400878906,1.6541757583618164,0.6013898849487305,0.6077060699462891,0.1184415817260742,1.1712274551391602,0.1247577667236328,9.88865091187246,1.0533274286404444,9.88865091187246,1.0533274286404444,0.1184415817260742,1.1712274551391602,0.1247577667236328,9.88865091187246,1.0533274286404444
microsoft/git-large-msrvtt-qa,2.3589096069335938,2.4497032165527344,3.1725783348083496,3.055609703063965,-0.0907936096191406,-0.8136687278747559,-0.2077622413635254,8.961740052938952,2.2882914583420866,8.961740052938952,2.2882914583420866,0.001,0.0,0.0,0.0,0.0
microsoft/git-large-msrvtt-qa,1.8973398208618164,2.1652956008911133,0.6396684646606445,0.7331914901733398,-0.2679557800292969,1.257671356201172,-0.1744327545166015,-4.6935780077730165,0.6509758979542446,4.6935780077730165,0.6509758979542446,0.001,1.257671356201172,0.0,1257.671356201172,0.0
microsoft/git-large-msrvtt-qa,0.1928577423095703,0.184946060180664,0.117767333984375,0.1136007308959961,0.0079116821289062,0.0750904083251953,0.0037450790405273,9.491080038572806,0.4733606557377049,9.491080038572806,0.4733606557377049,0.0079116821289062,0.0750904083251953,0.0037450790405273,9.491080038572806,0.4733606557377049
microsoft/git-large-msrvtt-qa,0.1900920867919922,0.1878833770751953,0.1859960556030273,0.1517200469970703,0.0022087097167968,0.0040960311889648,-0.0320672988891601,1.854490500863558,-14.518566493955095,1.854490500863558,14.518566493955095,0.0022087097167968,0.0040960311889648,0.0,1.854490500863558,0.0
microsoft/git-large-msrvtt-qa,1.705235481262207,1.0774812698364258,0.4298791885375976,0.2217378616333007,0.6277542114257812,1.2753562927246094,0.4196128845214844,2.03161726279457,0.6684349971439336,2.03161726279457,0.6684349971439336,0.6277542114257812,1.2753562927246094,0.4196128845214844,2.03161726279457,0.6684349971439336
microsoft/git-large-msrvtt-qa,0.4143590927124023,0.3209104537963867,0.1258163452148437,0.1217308044433593,0.0934486389160156,0.2885427474975586,0.0893630981445312,3.087714822223129,0.9562803608605136,3.087714822223129,0.9562803608605136,0.0934486389160156,0.2885427474975586,0.0893630981445312,3.087714822223129,0.9562803608605136
microsoft/git-large-msrvtt-qa,2.552518844604492,2.300795555114746,2.158624649047852,2.6744508743286133,0.2517232894897461,0.3938941955566406,0.7675495147705078,1.564790434588238,3.0491795825740384,1.564790434588238,3.0491795825740384,0.2517232894897461,0.3938941955566406,0.7675495147705078,1.564790434588238,3.0491795825740384
microsoft/git-large-msrvtt-qa,0.922292709350586,0.7610111236572266,1.141986846923828,1.6660995483398438,0.1612815856933593,-0.2196941375732422,0.685394287109375,-1.3621774403368103,4.24967477944133,1.3621774403368103,4.24967477944133,0.1612815856933593,0.0,0.685394287109375,0.0,4.24967477944133
microsoft/git-large-msrvtt-qa,2.20600700378418,2.2602968215942383,0.2624711990356445,0.3566904067993164,-0.0542898178100585,1.9435358047485352,0.0399293899536132,-35.79926923955241,-0.7354857976004356,35.79926923955241,0.7354857976004356,0.001,1.9435358047485352,0.0399293899536132,1943.5358047485352,39.92938995361328
microsoft/git-large-msrvtt-qa,1.2598981857299805,0.4394674301147461,0.2607326507568359,0.1944055557250976,0.8204307556152344,0.9991655349731444,0.7541036605834961,1.217854801437665,0.9191557671652616,1.217854801437665,0.9191557671652616,0.8204307556152344,0.9991655349731444,0.7541036605834961,1.217854801437665,0.9191557671652616
microsoft/git-large-msrvtt-qa,0.6901922225952148,1.6713199615478516,2.0123462677001958,2.4459381103515625,-0.9811277389526368,-1.3221540451049805,-0.5475358963012695,1.3475860406478697,0.5580678993805326,1.3475860406478697,0.5580678993805326,0.001,0.0,0.0,0.0,0.0
microsoft/git-large-msrvtt-qa,2.2676353454589844,1.9033823013305664,2.0504932403564453,1.6239137649536133,0.3642530441284179,0.217142105102539,-0.062326431274414,0.5961298295313224,-0.1711075096806625,0.5961298295313224,0.1711075096806625,0.3642530441284179,0.217142105102539,0.0,0.5961298295313224,0.0
microsoft/kosmos-2-patch14-224,12.169106483459473,7.223406314849853,11.049983978271484,7.606184959411621,4.945700168609619,1.1191225051879885,1.501901149749756,0.2262819150038783,0.3036781645766415,0.2262819150038783,0.3036781645766415,4.945700168609619,1.1191225051879885,1.501901149749756,0.2262819150038783,0.3036781645766415
microsoft/kosmos-2-patch14-224,6.973837852478027,1.079050064086914,5.239859580993652,0.9723024368286132,5.894787788391113,1.733978271484375,1.6272306442260742,0.294154485917064,0.276045669944329,0.294154485917064,0.276045669944329,5.894787788391113,1.733978271484375,1.6272306442260742,0.294154485917064,0.276045669944329
microsoft/kosmos-2-patch14-224,13.376409530639648,8.783683776855469,12.438340187072754,8.652226448059082,4.59272575378418,0.9380693435668944,0.8066120147705078,0.2042511122711761,0.1756281689813286,0.2042511122711761,0.1756281689813286,4.59272575378418,0.9380693435668944,0.8066120147705078,0.2042511122711761,0.1756281689813286
microsoft/kosmos-2-patch14-224,8.592137336730957,5.018841743469238,6.320104598999023,2.5334596633911133,3.5732955932617188,2.2720327377319336,-0.2133493423461914,0.6358367726466236,-0.0597066032680059,0.6358367726466236,0.0597066032680059,3.5732955932617188,2.2720327377319336,0.0,0.6358367726466236,0.0
microsoft/kosmos-2-patch14-224,9.337132453918455,2.843194961547852,9.707915306091309,2.444392204284668,6.4939374923706055,-0.3707828521728515,-0.7695856094360352,-0.0570967695036278,-0.1185083180027805,0.0570967695036278,0.1185083180027805,6.4939374923706055,0.0,0.0,0.0,0.0
microsoft/kosmos-2-patch14-224,10.775985717773438,4.294029235839844,9.787477493286133,4.941380500793457,6.481956481933594,0.9885082244873048,1.635859489440918,0.1525015212987713,0.2523712545741952,0.1525015212987713,0.2523712545741952,6.481956481933594,0.9885082244873048,1.635859489440918,0.1525015212987713,0.2523712545741952
microsoft/kosmos-2-patch14-224,15.030006408691406,11.006107330322266,14.509435653686523,10.66586208343506,4.023899078369141,0.5205707550048828,0.1803255081176757,0.1293697343959895,0.0448136259398335,0.1293697343959895,0.0448136259398335,4.023899078369141,0.5205707550048828,0.1803255081176757,0.1293697343959895,0.0448136259398335
microsoft/kosmos-2-patch14-224,11.193680763244627,7.653537750244141,5.045550346374512,4.466264724731445,3.5401430130004883,6.148130416870117,2.960857391357422,1.736689843967405,0.8363666045366663,1.736689843967405,0.8363666045366663,3.5401430130004883,6.148130416870117,2.960857391357422,1.736689843967405,0.8363666045366663
microsoft/kosmos-2-patch14-224,9.549345016479492,4.89117431640625,11.794029235839844,3.640087127685547,4.658170700073242,-2.244684219360352,-3.4957714080810547,-0.4818810567257781,-0.7504601340663813,0.4818810567257781,0.7504601340663813,4.658170700073242,0.0,0.0,0.0,0.0
microsoft/kosmos-2-patch14-224,5.804859161376953,5.30125617980957,4.7883501052856445,4.262351036071777,0.5036029815673828,1.0165090560913086,-0.0223960876464843,2.018473069654172,-0.0444717137630523,2.018473069654172,0.0444717137630523,0.5036029815673828,1.0165090560913086,0.0,2.018473069654172,0.0
microsoft/kosmos-2-patch14-224,7.185667037963867,2.4493799209594727,5.9583234786987305,1.894968032836914,4.7362871170043945,1.2273435592651367,0.6729316711425781,0.2591362239967847,0.1420799994845316,0.2591362239967847,0.1420799994845316,4.7362871170043945,1.2273435592651367,0.6729316711425781,0.2591362239967847,0.1420799994845316
microsoft/kosmos-2-patch14-224,10.057652473449709,5.67619514465332,9.29611587524414,5.008456230163574,4.381457328796387,0.7615365982055664,0.0937976837158203,0.1738089729187811,0.0214078733802451,0.1738089729187811,0.0214078733802451,4.381457328796387,0.7615365982055664,0.0937976837158203,0.1738089729187811,0.0214078733802451
microsoft/kosmos-2-patch14-224,11.427757263183594,6.659893989562988,8.856491088867188,11.038984298706056,4.7678632736206055,2.5712661743164062,6.950356483459473,0.5392910884300266,1.4577507962348786,0.5392910884300266,1.4577507962348786,4.7678632736206055,2.5712661743164062,6.950356483459473,0.5392910884300266,1.4577507962348786
microsoft/kosmos-2-patch14-224,8.50422477722168,3.843608856201172,7.331482887268066,3.2057905197143555,4.660615921020508,1.1727418899536133,0.5349235534667969,0.2516280916142999,0.11477529204974,0.2516280916142999,0.11477529204974,4.660615921020508,1.1727418899536133,0.5349235534667969,0.2516280916142999,0.11477529204974
microsoft/kosmos-2-patch14-224,13.51393985748291,13.945592880249023,15.613999366760254,13.119818687438965,-0.4316530227661133,-2.100059509277344,-2.9258337020874023,4.865156499587956,6.778207374381657,4.865156499587956,6.778207374381657,0.001,0.0,0.0,0.0,0.0
microsoft/kosmos-2-patch14-224,4.155642509460449,1.8663864135742188,3.1264238357543945,1.740189552307129,2.2892560958862305,1.029218673706055,0.9030218124389648,0.4495865165787043,0.3944608093702079,0.4495865165787043,0.3944608093702079,2.2892560958862305,1.029218673706055,0.9030218124389648,0.4495865165787043,0.3944608093702079
Salesforce/blip-image-captioning-large,9.039277076721191,7.467338562011719,8.167312622070312,7.187689781188965,1.5719385147094729,0.8719644546508789,0.592315673828125,0.5547064637016266,0.3768058790375763,0.5547064637016266,0.3768058790375763,1.5719385147094729,0.8719644546508789,0.592315673828125,0.5547064637016266,0.3768058790375763
Salesforce/blip-image-captioning-large,7.937872886657715,9.174762725830078,7.374119281768799,8.696343421936035,-1.2368898391723633,0.563753604888916,0.085334300994873,-0.4557831967203635,-0.0689910275695793,0.4557831967203635,0.0689910275695793,0.001,0.563753604888916,0.085334300994873,563.753604888916,85.33430099487305
Salesforce/blip-image-captioning-large,5.547685623168945,3.383356094360352,5.000492095947266,2.5256643295288086,2.1643295288085938,0.5471935272216797,-0.3104982376098633,0.2528235742007804,-0.1434616279438669,0.2528235742007804,0.1434616279438669,2.1643295288085938,0.5471935272216797,0.0,0.2528235742007804,0.0
Salesforce/blip-image-captioning-large,7.914483547210693,6.050104141235352,7.685174465179443,5.91380500793457,1.8643794059753416,0.22930908203125,0.0930099487304687,0.1229948589307056,0.0498878867854748,0.1229948589307056,0.0498878867854748,1.8643794059753416,0.22930908203125,0.0930099487304687,0.1229948589307056,0.0498878867854748
Salesforce/blip-image-captioning-large,6.38523006439209,6.801129341125488,7.071469783782959,7.823359966278076,-0.4158992767333984,-0.6862397193908691,0.3359909057617187,1.6500142168575245,-0.807866049685624,1.6500142168575245,0.807866049685624,0.001,0.0,0.3359909057617187,0.0,335.99090576171875
Salesforce/blip-image-captioning-large,7.284672737121582,6.839262962341309,7.038257598876953,7.394228935241699,0.4454097747802734,0.2464151382446289,0.8013811111450195,0.5532324439134475,1.7991996505697512,0.5532324439134475,1.7991996505697512,0.4454097747802734,0.2464151382446289,0.8013811111450195,0.5532324439134475,1.7991996505697512
Salesforce/blip-image-captioning-large,6.328815937042236,5.887757778167725,8.365551948547363,7.690858840942383,0.4410581588745117,-2.036736011505127,-0.2336349487304687,-4.617840007092153,-0.5297146057260483,4.617840007092153,0.5297146057260483,0.4410581588745117,0.0,0.0,0.0,0.0
Salesforce/blip-image-captioning-large,3.790834903717041,4.389517307281494,3.723471164703369,4.654019355773926,-0.5986824035644531,0.0673637390136718,0.3318657875061035,-0.1125199915891959,-0.5543269445205523,0.1125199915891959,0.5543269445205523,0.001,0.0673637390136718,0.3318657875061035,67.36373901367188,331.8657875061035
Salesforce/blip-image-captioning-large,3.353647232055664,3.4246268272399902,3.723466873168945,3.667609214782715,-0.0709795951843261,-0.3698196411132812,-0.1268372535705566,5.210224715326996,1.7869537469349366,5.210224715326996,1.7869537469349366,0.001,0.0,0.0,0.0,0.0
Salesforce/blip-image-captioning-large,5.822044372558594,2.281496047973633,5.390464782714844,2.003488540649414,3.540548324584961,0.43157958984375,0.1535720825195312,0.1218962573810771,0.043375225654499,0.1218962573810771,0.043375225654499,3.540548324584961,0.43157958984375,0.1535720825195312,0.1218962573810771,0.043375225654499
Salesforce/blip-image-captioning-large,6.333708763122559,7.499958992004394,7.000931739807129,8.08560848236084,-1.166250228881836,-0.6672229766845703,-0.081573486328125,0.5721096212124929,0.069945097808328,0.5721096212124929,0.069945097808328,0.001,0.0,0.0,0.0,0.0
Salesforce/blip-image-captioning-large,5.860248565673828,4.00273323059082,7.000931739807129,3.799096584320069,1.857515335083008,-1.1406831741333008,-1.3443198204040527,-0.6140908516818928,-0.7237193658721415,0.6140908516818928,0.7237193658721415,1.857515335083008,0.0,0.0,0.0,0.0
Salesforce/blip-image-captioning-large,3.228785514831543,4.537320137023926,3.4290685653686523,4.172519683837891,-1.3085346221923828,-0.2002830505371093,-0.5650835037231445,0.1530590380570484,0.4318445183944587,0.1530590380570484,0.4318445183944587,0.001,0.0,0.0,0.0,0.0
Salesforce/blip-image-captioning-large,7.633970737457275,5.3756914138793945,5.81151294708252,3.602680206298828,2.258279323577881,1.822457790374756,0.0494465827941894,0.8070116797984778,0.0218956894649547,0.8070116797984778,0.0218956894649547,2.258279323577881,1.822457790374756,0.0494465827941894,0.8070116797984778,0.0218956894649547
Salesforce/blip-image-captioning-large,5.389498710632324,3.651186943054199,3.9917287826538086,3.262018203735352,1.738311767578125,1.3977699279785156,1.008601188659668,0.8040962237320272,0.5802188119941715,0.8040962237320272,0.5802188119941715,1.738311767578125,1.3977699279785156,1.008601188659668,0.8040962237320272,0.5802188119941715
Salesforce/blip-image-captioning-large,6.027263164520264,6.115994453430176,6.117929935455322,5.932013511657715,-0.0887312889099121,-0.0906667709350586,-0.2746477127075195,1.0218128469553909,3.0952746892515703,1.0218128469553909,3.0952746892515703,0.001,0.0,0.0,0.0,0.0
microsoft/git-base,5.839662551879883,5.288177490234375,8.731810569763184,8.087858200073242,0.5514850616455078,-2.892148017883301,-0.0924673080444336,-5.244290768735928,-0.1676696514109228,5.244290768735928,0.1676696514109228,0.5514850616455078,0.0,0.0,0.0,0.0
microsoft/git-base,6.050631999969482,8.320661544799805,7.846410751342773,9.749673843383787,-2.2700295448303223,-1.795778751373291,-0.3667664527893066,0.7910816647575923,0.1615690217004295,0.7910816647575923,0.1615690217004295,0.001,0.0,0.0,0.0,0.0
microsoft/git-base,6.6471848487854,5.823760032653809,6.030056953430176,5.7170939445495605,0.8234248161315918,0.6171278953552246,0.5104618072509766,0.7494647759760998,0.6199252163046292,0.7494647759760998,0.6199252163046292,0.8234248161315918,0.6171278953552246,0.5104618072509766,0.7494647759760998,0.6199252163046292
microsoft/git-base,4.551473617553711,4.922970294952393,6.133587837219238,7.233451843261719,-0.3714966773986816,-1.5821142196655271,0.7283673286437988,4.258757388474942,-1.9606294563494355,4.258757388474942,1.9606294563494355,0.001,0.0,0.7283673286437988,0.0,728.3673286437988
microsoft/git-base,4.95833158493042,5.48905611038208,4.7551589012146,6.356023788452148,-0.5307245254516602,0.2031726837158203,1.070140361785889,-0.3828213582986676,-2.016376312881286,0.3828213582986676,2.016376312881286,0.001,0.2031726837158203,1.070140361785889,203.1726837158203,1070.140361785889
microsoft/git-base,5.802282333374023,5.331034660339356,8.479886054992676,7.4437737464904785,0.4712476730346679,-2.6776037216186523,-0.5648646354675293,-5.681945768295965,-1.1986576651508989,5.681945768295965,1.1986576651508989,0.4712476730346679,0.0,0.0,0.0,0.0
microsoft/git-base,3.358476161956787,2.9835004806518555,6.329504489898682,6.095688819885254,0.3749756813049316,-2.9710283279418945,0.1411600112915039,-7.923256029837954,0.3764511095766556,7.923256029837954,0.3764511095766556,0.3749756813049316,0.0,0.1411600112915039,0.0,0.3764511095766556
microsoft/git-base,4.194859027862549,4.061894416809082,5.096243858337402,5.48798131942749,0.1329646110534668,-0.9013848304748536,0.5247020721435547,-6.779133359871184,3.946178370217359,6.779133359871184,3.946178370217359,0.1329646110534668,0.0,0.5247020721435547,0.0,3.946178370217359
microsoft/git-base,4.387160301208496,4.976730823516846,4.6667561531066895,4.731434345245361,-0.5895705223083496,-0.2795958518981933,-0.5248923301696777,0.4742364845574194,0.8902960889471935,0.4742364845574194,0.8902960889471935,0.001,0.0,0.0,0.0,0.0
microsoft/git-base,3.331305980682373,3.5815587043762207,5.726261138916016,4.248054504394531,-0.2502527236938476,-2.3949551582336426,-1.728459358215332,9.570146222118906,6.906855328894969,9.570146222118906,6.906855328894969,0.001,0.0,0.0,0.0,0.0
microsoft/git-base,5.096415042877197,6.6869964599609375,6.7108154296875,8.156843185424805,-1.5905814170837402,-1.6144003868103027,-0.1445536613464355,1.0149750081767166,0.0908810198546568,1.0149750081767166,0.0908810198546568,0.001,0.0,0.0,0.0,0.0
microsoft/git-base,4.769430637359619,5.329221725463867,5.069809436798096,5.317971229553223,-0.559791088104248,-0.3003787994384765,-0.3116292953491211,0.5365908922482489,0.5566885610924327,0.5365908922482489,0.5566885610924327,0.001,0.0,0.0,0.0,0.0
microsoft/git-base,7.38320255279541,8.26480484008789,6.726997375488281,7.931282043457031,-0.8816022872924805,0.6562051773071289,0.3226823806762695,-0.7443324351192685,-0.366018084716262,0.7443324351192685,0.366018084716262,0.001,0.6562051773071289,0.3226823806762695,656.2051773071289,322.6823806762696
microsoft/git-base,8.373604774475098,3.39475679397583,6.998095512390137,3.4943833351135254,4.978847980499268,1.375509262084961,1.4751358032226562,0.2762705885924695,0.2962805470262084,0.2762705885924695,0.2962805470262084,4.978847980499268,1.375509262084961,1.4751358032226562,0.2762705885924695,0.2962805470262084
microsoft/git-base,2.809718132019043,1.6855154037475586,3.041592597961426,2.330807685852051,1.1242027282714844,-0.2318744659423828,0.4134178161621094,-0.2062568077013128,0.3677431176472584,0.2062568077013128,0.3677431176472584,1.1242027282714844,0.0,0.4134178161621094,0.0,0.3677431176472584
microsoft/git-base,6.1315016746521,5.760168552398682,8.565425872802734,7.812203407287598,0.3713331222534179,-2.4339241981506348,-0.3818893432617187,-6.554557221775633,-1.0284279003829253,6.554557221775633,1.0284279003829253,0.3713331222534179,0.0,0.0,0.0,0.0
microsoft/git-large,5.0916948318481445,4.892804145812988,3.769949436187744,3.3843727111816406,0.1988906860351562,1.3217453956604004,-0.1866860389709472,6.6455871916836085,-0.9386364072269746,6.6455871916836085,0.9386364072269746,0.1988906860351562,1.3217453956604004,0.0,6.6455871916836085,0.0
microsoft/git-large,4.668714046478272,6.622018337249756,5.942563533782959,7.914681434631348,-1.9533042907714844,-1.2738494873046875,0.0188136100769042,0.6521510720695561,-0.0096316842008643,0.6521510720695561,0.0096316842008643,0.001,0.0,0.0188136100769042,0.0,18.813610076904297
microsoft/git-large,4.306776523590088,4.111099720001221,4.31976842880249,3.849602222442627,0.1956768035888672,-0.0129919052124023,-0.2744894027709961,-0.0663947129865192,-1.4027692487645116,0.0663947129865192,1.4027692487645116,0.1956768035888672,0.0,0.0,0.0,0.0
microsoft/git-large,4.451606273651123,4.337052345275879,6.90101432800293,6.610476016998291,0.1145539283752441,-2.449408054351806,-0.1759843826293945,-21.382139304103863,-1.536257945279037,21.382139304103863,1.536257945279037,0.1145539283752441,0.0,0.0,0.0,0.0
microsoft/git-large,5.584861278533936,6.083724021911621,5.746401786804199,6.845799922943115,-0.4988627433776855,-0.1615405082702636,0.6005353927612305,0.3238175438328183,-1.2038088647292895,0.3238175438328183,1.2038088647292895,0.001,0.0,0.6005353927612305,0.0,600.5353927612305
microsoft/git-large,4.42195987701416,4.478023052215576,3.78514575958252,3.948994636535645,-0.056063175201416,0.6368141174316406,0.1077857017517089,-11.35886640640283,-1.922575761441828,11.35886640640283,1.922575761441828,0.001,0.6368141174316406,0.1077857017517089,636.8141174316406,107.78570175170898
microsoft/git-large,1.780289649963379,2.071818828582764,2.188457489013672,2.65792179107666,-0.2915291786193847,-0.4081678390502929,0.1779351234436035,1.4000925772963178,-0.6103509922617811,1.4000925772963178,0.6103509922617811,0.001,0.0,0.1779351234436035,0.0,177.93512344360352
microsoft/git-large,2.2094593048095703,2.689488887786865,3.6930508613586426,4.752255439758301,-0.4800295829772949,-1.4835915565490725,0.5791749954223633,3.090625263858468,-1.206540213272143,3.090625263858468,1.206540213272143,0.001,0.0,0.5791749954223633,0.0,579.1749954223633
microsoft/git-large,3.4072136878967285,2.640292167663574,4.424328804016113,3.750945091247559,0.7669215202331543,-1.0171151161193848,0.0935378074645996,-1.3262310279286051,0.1219652924019694,1.3262310279286051,0.1219652924019694,0.7669215202331543,0.0,0.0935378074645996,0.0,0.1219652924019694
microsoft/git-large,2.940464973449707,1.4631357192993164,3.0813803672790527,2.4116077423095703,1.4773292541503906,-0.1409153938293457,0.8075566291809082,-0.0953852321230759,0.5466328016670411,0.0953852321230759,0.5466328016670411,1.4773292541503906,0.0,0.8075566291809082,0.0,0.5466328016670411
microsoft/git-large,4.806750774383545,5.818717956542969,5.796977519989014,6.41743803024292,-1.0119671821594238,-0.9902267456054688,-0.3915066719055176,0.9785166585070838,0.3868768462136158,0.9785166585070838,0.3868768462136158,0.001,0.0,0.0,0.0,0.0
microsoft/git-large,3.9350905418396,2.901073455810547,3.9230761528015137,4.31862211227417,1.0340170860290527,0.0120143890380859,1.429563045501709,0.0116191397612441,1.382533291583871,0.0116191397612441,1.382533291583871,1.0340170860290527,0.0120143890380859,1.429563045501709,0.0116191397612441,1.382533291583871
microsoft/git-large,6.821508884429932,7.314896106719971,6.096826076507568,7.725971221923828,-0.493387222290039,0.7246828079223633,1.1357579231262207,-1.468791195197099,-2.3019605531222336,1.468791195197099,2.3019605531222336,0.001,0.7246828079223633,1.1357579231262207,724.6828079223633,1135.7579231262207
microsoft/git-large,5.71407413482666,2.599797248840332,5.565140247344971,4.309648036956787,3.114276885986328,0.1489338874816894,1.8587846755981443,0.0478229434742506,0.5968591566030409,0.0478229434742506,0.5968591566030409,3.114276885986328,0.1489338874816894,1.8587846755981443,0.0478229434742506,0.5968591566030409
microsoft/git-large,7.074645042419434,6.639542102813721,5.640261650085449,4.182389736175537,0.4351029396057129,1.4343833923339844,-1.0227689743041992,3.29665295673206,-2.3506367831737127,3.29665295673206,2.3506367831737127,0.4351029396057129,1.4343833923339844,0.0,3.29665295673206,0.0
microsoft/git-large,5.184819221496582,5.306819438934326,5.980658054351807,6.297744274139404,-0.1220002174377441,-0.7958388328552246,0.1950860023498535,6.523257495515002,-1.5990627430594913,6.523257495515002,1.5990627430594913,0.001,0.0,0.1950860023498535,0.0,195.08600234985352
microsoft/git-base-coco,5.52508020401001,4.8848161697387695,7.777484893798828,7.023403644561768,0.6402640342712402,-2.2524046897888184,-0.1138172149658203,-3.5179309928794376,-0.1777660603650321,3.5179309928794376,0.1777660603650321,0.6402640342712402,0.0,0.0,0.0,0.0
microsoft/git-base-coco,6.04556131362915,8.27397632598877,7.208837509155273,9.209724426269531,-2.228415012359619,-1.163276195526123,-0.2275280952453613,0.5220195471104621,0.1021031064606035,0.5220195471104621,0.1021031064606035,0.001,0.0,0.0,0.0,0.0
microsoft/git-base-coco,6.064599990844727,5.16341495513916,5.373266220092773,4.862738609313965,0.9011850357055664,0.6913337707519531,0.3906574249267578,0.7671385379925733,0.4334930224633609,0.7671385379925733,0.4334930224633609,0.9011850357055664,0.6913337707519531,0.3906574249267578,0.7671385379925733,0.4334930224633609
microsoft/git-base-coco,4.575908660888672,4.7167816162109375,5.552329063415527,6.460020542144775,-0.1408729553222656,-0.9764204025268556,0.7668185234069824,6.9312125971458745,-5.443333829781473,6.9312125971458745,5.443333829781473,0.001,0.0,0.7668185234069824,0.0,766.8185234069824
microsoft/git-base-coco,4.840956211090088,5.336522579193115,4.502616882324219,6.283177375793457,-0.4955663681030273,0.3383393287658691,1.284994125366211,-0.6827326278435606,-2.592980896353045,0.6827326278435606,2.592980896353045,0.001,0.3383393287658691,1.284994125366211,338.33932876586914,1284.994125366211
microsoft/git-base-coco,5.569035530090332,5.116293430328369,7.73676872253418,6.564286708831787,0.4527420997619629,-2.167733192443848,-0.7197399139404297,-4.7880088765404665,-1.58973489392492,4.7880088765404665,1.58973489392492,0.4527420997619629,0.0,0.0,0.0,0.0
microsoft/git-base-coco,2.9904427528381348,2.5575575828552246,5.84229850769043,5.411105155944824,0.4328851699829101,-2.851855754852295,0.0016918182373046,-6.588019069733627,0.003908237922245,6.588019069733627,0.003908237922245,0.4328851699829101,0.0,0.0016918182373046,0.0,0.003908237922245
microsoft/git-base-coco,4.314662933349609,4.218050479888916,4.348209381103516,4.91623067855835,0.0966124534606933,-0.0335464477539062,0.6646337509155273,-0.3472269521398147,6.879379698042061,0.3472269521398147,6.879379698042061,0.0966124534606933,0.0,0.6646337509155273,0.0,6.879379698042061
microsoft/git-base-coco,4.176021575927734,4.737356185913086,4.792574882507324,4.840104579925537,-0.5613346099853516,-0.6165533065795898,-0.5138049125671387,1.098370375907659,0.9153273349393988,1.098370375907659,0.9153273349393988,0.001,0.0,0.0,0.0,0.0
microsoft/git-base-coco,3.149519920349121,3.400778293609619,5.159132957458496,3.686623573303223,-0.251258373260498,-2.009613037109375,-1.7237677574157717,7.99819329812289,6.860538556574251,7.99819329812289,6.860538556574251,0.001,0.0,0.0,0.0,0.0
microsoft/git-base-coco,4.919546604156494,6.425722122192383,6.0703206062316895,7.847015380859375,-1.506175518035889,-1.150774002075195,0.2705192565917969,0.7640371180483994,-0.1796067280024339,0.7640371180483994,0.1796067280024339,0.001,0.0,0.2705192565917969,0.0,270.5192565917969
microsoft/git-base-coco,4.686628341674805,5.2918620109558105,5.373434543609619,5.497342109680176,-0.6052336692810059,-0.6868062019348145,-0.4813261032104492,1.134778576926683,0.7952731773535434,1.134778576926683,0.7952731773535434,0.001,0.0,0.0,0.0,0.0
microsoft/git-base-coco,7.512130260467529,8.354286193847656,6.778241157531738,7.959943771362305,-0.842155933380127,0.733889102935791,0.3395466804504394,-0.8714408743642169,-0.403187422889268,0.8714408743642169,0.403187422889268,0.001,0.733889102935791,0.3395466804504394,733.889102935791,339.54668045043945
microsoft/git-base-coco,8.368404388427734,3.205963134765625,7.074649333953857,3.4386377334594727,5.162441253662109,1.293755054473877,1.5264296531677246,0.2506091577422055,0.2956798108036411,0.2506091577422055,0.2956798108036411,5.162441253662109,1.293755054473877,1.5264296531677246,0.2506091577422055,0.2956798108036411
microsoft/git-base-coco,3.24866247177124,2.1107234954833984,3.6066064834594727,2.423917770385742,1.1379389762878418,-0.3579440116882324,-0.0447497367858886,-0.3145546634283581,-0.0393252518090822,0.3145546634283581,0.0393252518090822,1.1379389762878418,0.0,0.0,0.0,0.0
microsoft/git-base-coco,5.972226142883301,5.529019355773926,7.539443016052246,6.817922115325928,0.443206787109375,-1.567216873168945,-0.2783141136169433,-3.5360850030985334,-0.6279554413688632,3.5360850030985334,0.6279554413688632,0.443206787109375,0.0,0.0,0.0,0.0
microsoft/git-large-coco,5.725253105163574,5.256851673126221,3.6491894721984863,3.184301376342773,0.4684014320373535,2.076063632965088,0.0035133361816406,4.43223160940193,0.0075006947915574,4.43223160940193,0.0075006947915574,0.4684014320373535,2.076063632965088,0.0035133361816406,4.43223160940193,0.0075006947915574
microsoft/git-large-coco,5.414721488952637,7.404587745666504,5.668663501739502,7.757445335388184,-1.9898662567138672,-0.2539420127868652,0.0989155769348144,0.1276176285366202,-0.0497096609388045,0.1276176285366202,0.0497096609388045,0.001,0.0,0.0989155769348144,0.0,98.91557693481444
microsoft/git-large-coco,5.03372859954834,4.723247528076172,3.791002750396729,3.281014442443848,0.3104810714721679,1.242725849151611,-0.1995072364807129,4.002581681579295,-0.6425745554623836,4.002581681579295,0.6425745554623836,0.3104810714721679,1.242725849151611,0.0,4.002581681579295,0.0
microsoft/git-large-coco,5.334324836730957,5.183880805969238,6.381418228149414,6.190335750579834,0.1504440307617187,-1.047093391418457,-0.0406384468078613,-6.960019524316649,-0.2701233581824636,6.960019524316649,0.2701233581824636,0.1504440307617187,0.0,0.0,0.0,0.0
microsoft/git-large-coco,6.145098686218262,6.718994140625,5.36288595199585,6.611974716186523,-0.5738954544067383,0.7822127342224121,0.6751933097839355,-1.3629882031928984,-1.176509248504004,1.3629882031928984,1.176509248504004,0.001,0.7822127342224121,0.6751933097839355,782.2127342224121,675.1933097839355
microsoft/git-large-coco,5.240903377532959,5.030027389526367,3.6849751472473145,3.765069961547852,0.2108759880065918,1.5559282302856443,0.2909708023071289,7.378403985175437,1.3798195093603232,7.378403985175437,1.3798195093603232,0.2108759880065918,1.5559282302856443,0.2909708023071289,7.378403985175437,1.3798195093603232
microsoft/git-large-coco,2.2035961151123047,2.359419822692871,1.9044857025146484,2.2363948822021484,-0.1558237075805664,0.2991104125976562,0.1760854721069336,-1.9195436769017036,-1.1300300502469507,1.9195436769017036,1.1300300502469507,0.001,0.2991104125976562,0.1760854721069336,299.11041259765625,176.0854721069336
microsoft/git-large-coco,2.5066909790039062,3.145097255706787,3.56087064743042,4.572770118713379,-0.6384062767028809,-1.0541796684265137,0.3734931945800781,1.6512677066255363,-0.585039978787528,1.6512677066255363,0.585039978787528,0.001,0.0,0.3734931945800781,0.0,373.4931945800781
microsoft/git-large-coco,3.707828044891357,2.969132900238037,4.120650291442871,3.469916343688965,0.7386951446533203,-0.4128222465515136,0.087961196899414,-0.5588533369137776,0.1190764519519015,0.5588533369137776,0.1190764519519015,0.7386951446533203,0.0,0.087961196899414,0.0,0.1190764519519015
microsoft/git-large-coco,3.3143868446350098,1.7322654724121094,2.6652612686157227,2.033618927001953,1.5821213722229004,0.6491255760192871,0.9504790306091307,0.4102881026803004,0.6007623986987142,0.4102881026803004,0.6007623986987142,1.5821213722229004,0.6491255760192871,0.9504790306091307,0.4102881026803004,0.6007623986987142
microsoft/git-large-coco,5.367570400238037,6.374273300170898,5.922216415405273,6.6520161628723145,-1.006702899932861,-0.5546460151672363,-0.2769031524658203,0.5509530321251946,0.2750594564536244,0.5509530321251946,0.2750594564536244,0.001,0.0,0.0,0.0,0.0
microsoft/git-large-coco,4.506156921386719,3.543361186981201,3.801719665527344,3.96891975402832,0.9627957344055176,0.704437255859375,1.129995822906494,0.7316580565184295,1.1736610191820334,0.7316580565184295,1.1736610191820334,0.9627957344055176,0.704437255859375,1.129995822906494,0.7316580565184295,1.1736610191820334
microsoft/git-large-coco,7.199517726898193,7.878820419311523,5.870617866516113,7.794114589691162,-0.6793026924133301,1.32889986038208,1.2441940307617188,-1.956270562775121,-1.8315752972235733,1.956270562775121,1.8315752972235733,0.001,1.32889986038208,1.2441940307617188,1328.89986038208,1244.1940307617188
microsoft/git-large-coco,6.273708343505859,2.72012710571289,5.154200077056885,3.940678596496582,3.5535812377929688,1.1195082664489746,2.340059757232666,0.31503663249423,0.6585074606838066,0.31503663249423,0.6585074606838066,3.5535812377929688,1.1195082664489746,2.340059757232666,0.31503663249423,0.6585074606838066
microsoft/git-large-coco,7.276432991027832,6.7043070793151855,5.204583168029785,3.476828098297119,0.5721259117126465,2.071849822998047,-1.1556291580200195,3.6213179312155424,-2.019886067667638,3.6213179312155424,2.019886067667638,0.5721259117126465,2.071849822998047,0.0,3.6213179312155424,0.0
microsoft/git-large-coco,6.040182590484619,6.142072677612305,5.95176362991333,6.19470739364624,-0.1018900871276855,0.088418960571289,0.1410536766052246,-0.8677876628026151,-1.3843709489467846,0.8677876628026151,1.3843709489467846,0.001,0.088418960571289,0.1410536766052246,88.41896057128906,141.0536766052246
google/paligemma-3b-pt-224,2.294954299926758,2.900919914245605,5.249149322509766,4.148545265197754,-0.6059656143188477,-2.954195022583008,-1.7065696716308594,4.875185906222999,2.816281371921039,4.875185906222999,2.816281371921039,0.001,0.0,0.0,0.0,0.0
google/paligemma-3b-pt-224,4.599652290344238,4.54673957824707,3.86027193069458,4.139404296875,0.0529127120971679,0.7393803596496582,0.3320450782775879,13.97358650397419,6.275336589585999,13.97358650397419,6.275336589585999,0.0529127120971679,0.7393803596496582,0.3320450782775879,13.97358650397419,6.275336589585999
google/paligemma-3b-pt-224,5.350990295410156,5.387062072753906,7.639917373657227,7.493607044219971,-0.03607177734375,-2.2889270782470703,-0.1823821067810058,63.454790609137056,5.056088726734348,63.454790609137056,5.056088726734348,0.001,0.0,0.0,0.0,0.0
google/paligemma-3b-pt-224,5.24666690826416,5.006739616394043,5.085666179656982,5.060259819030762,0.2399272918701172,0.1610007286071777,0.2145209312438964,0.6710396610250335,0.8941080840441685,0.6710396610250335,0.8941080840441685,0.2399272918701172,0.1610007286071777,0.2145209312438964,0.6710396610250335,0.8941080840441685
google/paligemma-3b-pt-224,5.120792388916016,4.294363021850586,5.264881610870361,4.550215244293213,0.8264293670654297,-0.1440892219543457,0.1117630004882812,-0.1743515268170981,0.1352359983105886,0.1743515268170981,0.1352359983105886,0.8264293670654297,0.0,0.1117630004882812,0.0,0.1352359983105886
google/paligemma-3b-pt-224,3.9748592376708975,3.690730094909668,5.113108158111572,5.608264923095703,0.2841291427612304,-1.1382489204406738,0.7792859077453613,-4.0060970493167884,2.7427172734626475,4.0060970493167884,2.7427172734626475,0.2841291427612304,0.0,0.7792859077453613,0.0,2.7427172734626475
google/paligemma-3b-pt-224,2.299753189086914,2.6440792083740234,4.998282432556152,4.849437236785889,-0.3443260192871094,-2.6985292434692383,-0.493171215057373,7.837134263208624,1.4322798378072965,7.837134263208624,1.4322798378072965,0.001,0.0,0.0,0.0,0.0
google/paligemma-3b-pt-224,5.194381713867188,5.456892013549805,6.685825824737549,6.148005485534668,-0.2625102996826172,-1.491444110870361,-0.800330638885498,5.681468927785165,3.048759000515872,5.681468927785165,3.048759000515872,0.001,0.0,0.0,0.0,0.0
google/paligemma-3b-pt-224,6.205941677093506,5.467974662780762,5.867259502410889,6.151332855224609,0.7379670143127441,0.3386821746826172,1.0220403671264648,0.4589394486663147,1.3849404476137368,0.4589394486663147,1.3849404476137368,0.7379670143127441,0.3386821746826172,1.0220403671264648,0.4589394486663147,1.3849404476137368
google/paligemma-3b-pt-224,5.536160945892334,4.452693939208984,7.422300815582275,6.810789585113525,1.0834670066833496,-1.8861398696899412,0.4719557762145996,-1.7408373841153597,0.435597736990003,1.7408373841153597,0.435597736990003,1.0834670066833496,0.0,0.4719557762145996,0.0,0.435597736990003
google/paligemma-3b-pt-224,4.605150699615479,5.068668365478516,3.985243797302246,4.037957668304443,-0.4635176658630371,0.6199069023132324,-0.4108037948608398,-1.337396496332043,0.8862743000225293,1.337396496332043,0.8862743000225293,0.001,0.6199069023132324,0.0,619.9069023132324,0.0
google/paligemma-3b-pt-224,3.691473960876465,4.494584083557129,3.943614959716797,4.364358901977539,-0.8031101226806641,-0.252140998840332,-0.3823661804199219,0.3139556976305095,0.4761067873776008,0.3139556976305095,0.4761067873776008,0.001,0.0,0.0,0.0,0.0
google/paligemma-3b-pt-224,4.905812740325928,4.638542175292969,7.372128486633301,6.958606243133545,0.267270565032959,-2.466315746307373,-0.1462516784667968,-9.227786628891344,-0.5472045844208904,9.227786628891344,0.5472045844208904,0.267270565032959,0.0,0.0,0.0,0.0
google/paligemma-3b-pt-224,3.095883369445801,2.973623275756836,5.749384880065918,5.228091239929199,0.1222600936889648,-2.653501510620117,-0.3990335464477539,-21.703741838859894,-3.2638086100515604,21.703741838859894,3.2638086100515604,0.1222600936889648,0.0,0.0,0.0,0.0
google/paligemma-3b-pt-224,7.119926452636719,5.260904312133789,7.144818305969238,6.564066410064697,1.8590221405029297,-0.0248918533325195,1.278270244598389,-0.0133897562542129,0.6876035614361067,0.0133897562542129,0.6876035614361067,1.8590221405029297,0.0,1.278270244598389,0.0,0.6876035614361067
google/paligemma-3b-pt-224,3.525914192199707,3.934980392456055,3.0828351974487305,3.4184226989746094,-0.4090662002563476,0.4430789947509765,-0.0734786987304687,-1.0831474085938029,0.1796254461610912,1.0831474085938029,0.1796254461610912,0.001,0.4430789947509765,0.0,443.07899475097656,0.0
google/paligemma-3b-pt-448,1.4934444427490234,2.711197853088379,2.7201642990112305,2.946748733520508,-1.2177534103393557,-1.226719856262207,-0.991168975830078,1.007363104752343,0.8139324163780134,1.007363104752343,0.8139324163780134,0.001,0.0,0.0,0.0,0.0
google/paligemma-3b-pt-448,3.3562417030334477,2.93640661239624,3.175480842590332,3.1878795623779297,0.419835090637207,0.1807608604431152,0.4322338104248047,0.4305520535902905,1.0295323570232766,0.4305520535902905,1.0295323570232766,0.419835090637207,0.1807608604431152,0.4322338104248047,0.4305520535902905,1.0295323570232766
google/paligemma-3b-pt-448,4.0788445472717285,3.60301685333252,6.407253742218018,5.645939826965332,0.475827693939209,-2.328409194946289,-0.2854862213134765,-4.893387300916039,-0.5999781537514919,4.893387300916039,0.5999781537514919,0.475827693939209,0.0,0.0,0.0,0.0
google/paligemma-3b-pt-448,4.157637596130371,3.811626434326172,4.192948341369629,4.319922924041748,0.3460111618041992,-0.0353107452392578,0.4729857444763183,-0.1020508848764811,1.3669667244548935,0.1020508848764811,1.3669667244548935,0.3460111618041992,0.0,0.4729857444763183,0.0,1.3669667244548935
google/paligemma-3b-pt-448,2.8215818405151367,3.04335355758667,3.02810001373291,3.286516666412353,-0.2217717170715332,-0.2065181732177734,0.0366449356079101,0.9312196160304802,-0.1652371911612616,0.9312196160304802,0.1652371911612616,0.001,0.0,0.0366449356079101,0.0,36.64493560791016
google/paligemma-3b-pt-448,3.2945384979248047,3.3361525535583496,3.4660115242004395,4.35884952545166,-0.0416140556335449,-0.1714730262756347,0.8512239456176758,4.120555510994488,-20.45520275922128,4.120555510994488,20.45520275922128,0.001,0.0,0.8512239456176758,0.0,851.2239456176758
google/paligemma-3b-pt-448,1.5045318603515625,2.1206130981445312,2.5446014404296875,2.7232723236083984,-0.6160812377929688,-1.040069580078125,-0.4374103546142578,1.688202003690357,0.7099881116023331,1.688202003690357,0.7099881116023331,0.001,0.0,0.0,0.0,0.0
google/paligemma-3b-pt-448,3.83006763458252,4.0079779624938965,6.175902366638184,5.861919403076172,-0.1779103279113769,-2.345834732055664,-0.4918932914733886,13.185489339462082,2.7648383162916605,13.185489339462082,2.7648383162916605,0.001,0.0,0.0,0.0,0.0
google/paligemma-3b-pt-448,4.77495002746582,3.7388744354248047,5.633906841278076,5.60610294342041,1.0360755920410156,-0.8589568138122559,1.0082716941833496,-0.8290484018836455,0.9731642188357186,0.8290484018836455,0.9731642188357186,1.0360755920410156,0.0,1.0082716941833496,0.0,0.9731642188357186
google/paligemma-3b-pt-448,4.087451934814453,3.796232700347901,6.058597087860107,5.871311664581299,0.2912192344665527,-1.9711451530456543,0.1039338111877441,-6.768595339028148,0.3568919868157994,6.768595339028148,0.3568919868157994,0.2912192344665527,0.0,0.1039338111877441,0.0,0.3568919868157994
google/paligemma-3b-pt-448,3.691854953765869,3.748338222503662,3.552406311035156,4.058326721191406,-0.0564832687377929,0.1394486427307129,0.449437141418457,-2.4688486669930945,-7.956995964678271,2.4688486669930945,7.956995964678271,0.001,0.1394486427307129,0.449437141418457,139.4486427307129,449.437141418457
google/paligemma-3b-pt-448,2.902681350708008,3.3138465881347656,3.707231521606445,3.779264450073242,-0.4111652374267578,-0.8045501708984375,-0.3391323089599609,1.9567563054056936,0.8248078341505504,1.9567563054056936,0.8248078341505504,0.001,0.0,0.0,0.0,0.0
google/paligemma-3b-pt-448,4.002452850341797,3.5711727142333984,4.704868316650391,5.033649921417236,0.4312801361083984,-0.7024154663085938,0.7600617408752441,-1.6286756738827588,1.762338854122902,1.6286756738827588,1.762338854122902,0.4312801361083984,0.0,0.7600617408752441,0.0,1.762338854122902
google/paligemma-3b-pt-448,2.3802499771118164,2.447422981262207,4.20023775100708,4.439919948577881,-0.0671730041503906,-1.819987773895264,0.1725091934204101,27.094035720370265,-2.5681327730138,27.094035720370265,2.5681327730138,0.001,0.0,0.1725091934204101,0.0,172.50919342041016
google/paligemma-3b-pt-448,7.608088493347168,7.16267204284668,7.770017147064209,8.644702911376953,0.4454164505004883,-0.161928653717041,1.3201022148132324,-0.3635443943192742,2.9637482255761123,0.3635443943192742,2.9637482255761123,0.4454164505004883,0.0,1.3201022148132324,0.0,2.9637482255761123
google/paligemma-3b-pt-448,2.540684700012207,2.960879325866699,2.502908706665039,2.921292304992676,-0.4201946258544922,0.0377759933471679,-0.0018110275268554,-0.0899011815544954,0.0043099730825272,0.0899011815544954,0.0043099730825272,0.001,0.0377759933471679,0.0,37.77599334716797,0.0
google/paligemma-3b-mix-224,5.887059688568115,3.864848136901856,8.624317169189453,8.27169132232666,2.02221155166626,-2.737257480621338,1.6695857048034668,-1.3535960064939276,0.8256236610990395,1.3535960064939276,0.8256236610990395,2.02221155166626,0.0,1.6695857048034668,0.0,0.8256236610990395
google/paligemma-3b-mix-224,8.667791366577148,5.003535747528076,9.857630729675291,6.134377479553223,3.664255619049072,-1.1898393630981443,-0.058997631072998,-0.324715163678162,-0.0161008502699134,0.324715163678162,0.0161008502699134,3.664255619049072,0.0,0.0,0.0,0.0
google/paligemma-3b-mix-224,10.179475784301758,10.722986221313477,10.14915370941162,10.475848197937012,-0.5435104370117188,0.0303220748901367,-0.2168159484863281,-0.0557893148415895,0.3989177276491809,0.0557893148415895,0.3989177276491809,0.001,0.0303220748901367,0.0,30.32207489013672,0.0
google/paligemma-3b-mix-224,10.65367603302002,10.306005477905272,10.474882125854492,10.561121940612791,0.3476705551147461,0.1787939071655273,0.4339103698730469,0.5142624376301229,1.248050384162783,0.5142624376301229,1.248050384162783,0.3476705551147461,0.1787939071655273,0.4339103698730469,0.5142624376301229,1.248050384162783
google/paligemma-3b-mix-224,6.6055006980896,7.0761895179748535,7.331377029418945,9.788384437561035,-0.4706888198852539,-0.7258763313293457,1.986318588256836,1.5421575798343845,-4.220025002380697,1.5421575798343845,4.220025002380697,0.001,0.0,1.986318588256836,0.0,1986.318588256836
google/paligemma-3b-mix-224,2.748758316040039,2.3277130126953125,3.3431129455566406,4.772257328033447,0.4210453033447265,-0.5943546295166016,1.8501896858215328,-1.4116168136662002,4.3942769842672,1.4116168136662002,4.3942769842672,0.4210453033447265,0.0,1.8501896858215328,0.0,4.3942769842672
google/paligemma-3b-mix-224,8.531885147094727,6.299205303192139,8.958841323852539,8.121503829956055,2.232679843902588,-0.4269561767578125,1.3953423500061035,-0.1912303628860281,0.6249630254049906,0.1912303628860281,0.6249630254049906,2.232679843902588,0.0,1.3953423500061035,0.0,0.6249630254049906
google/paligemma-3b-mix-224,10.410134315490724,10.499536514282228,10.18268871307373,10.387447357177734,-0.0894021987915039,0.2274456024169922,0.1153564453125,-2.5440716838231374,-1.2903088164702117,2.5440716838231374,1.2903088164702117,0.001,0.2274456024169922,0.1153564453125,227.4456024169922,115.3564453125
google/paligemma-3b-mix-224,7.392457962036133,9.910558700561523,8.40527057647705,10.190322875976562,-2.51810073852539,-1.012812614440918,-0.7330484390258789,0.4022129055226062,0.2911116413297884,0.4022129055226062,0.2911116413297884,0.001,0.0,0.0,0.0,0.0
google/paligemma-3b-mix-224,9.99609661102295,9.641919136047363,10.266153335571287,10.067832946777344,0.3541774749755859,-0.2700567245483398,0.1558570861816406,-0.76248983526396,0.4400536374945474,0.76248983526396,0.4400536374945474,0.3541774749755859,0.0,0.1558570861816406,0.0,0.4400536374945474
google/paligemma-3b-mix-224,6.156004905700684,6.587165832519531,7.073289394378662,9.940073013305664,-0.4311609268188476,-0.9172844886779784,2.4356226921081543,2.127475918204842,-5.648987513962465,2.127475918204842,5.648987513962465,0.001,0.0,2.4356226921081543,0.0,2435.6226921081543
google/paligemma-3b-mix-224,8.971263885498047,10.148347854614258,9.674298286437988,9.08647632598877,-1.177083969116211,-0.7030344009399414,-1.7649059295654297,0.5972678410256493,1.4993882984325857,0.5972678410256493,1.4993882984325857,0.001,0.0,0.0,0.0,0.0
google/paligemma-3b-mix-224,10.60869026184082,10.199459075927734,10.1474609375,9.864047050476074,0.4092311859130859,0.4612293243408203,0.1258172988891601,1.127062990841509,0.3074479737130339,1.127062990841509,0.3074479737130339,0.4092311859130859,0.4612293243408203,0.1258172988891601,1.127062990841509,0.3074479737130339
google/paligemma-3b-mix-224,10.140750885009766,9.11703872680664,9.04321575164795,9.6864652633667,1.023712158203125,1.0975351333618164,1.666961669921875,1.0721130198241169,1.6283499776419734,1.0721130198241169,1.6283499776419734,1.023712158203125,1.0975351333618164,1.666961669921875,1.0721130198241169,1.6283499776419734
google/paligemma-3b-mix-224,10.277952194213867,10.283011436462402,10.104670524597168,10.173187255859377,-0.0050592422485351,0.1732816696166992,0.0634574890136718,-34.25051837888784,-12.542884071630535,34.25051837888784,12.542884071630535,0.001,0.1732816696166992,0.0634574890136718,173.28166961669922,63.45748901367188
google/paligemma-3b-mix-224,7.146332740783691,9.86023235321045,8.061256408691406,8.949590682983398,-2.713899612426758,-0.9149236679077148,-1.8255653381347656,0.3371250961967579,0.672672389861301,0.3371250961967579,0.672672389861301,0.001,0.0,0.0,0.0,0.0
google/paligemma-3b-mix-448,1.6436681747436523,2.837338447570801,7.1965508460998535,7.418803215026855,-1.1936702728271484,-5.552882671356201,-0.9714179039001464,4.6519401527898285,0.8138075698236094,4.6519401527898285,0.8138075698236094,0.001,0.0,0.0,0.0,0.0
google/paligemma-3b-mix-448,9.455185890197754,5.2676100730896,10.806047439575195,7.85186243057251,4.187575817108154,-1.3508615493774414,1.2333908081054688,-0.322587962194871,0.2945357557626791,0.322587962194871,0.2945357557626791,4.187575817108154,0.0,1.2333908081054688,0.0,0.2945357557626791
google/paligemma-3b-mix-448,10.386613845825195,10.086328506469728,9.765396118164062,10.292447090148926,0.3002853393554687,0.6212177276611328,0.827336311340332,2.0687580985289262,2.755167179044183,2.0687580985289262,2.755167179044183,0.3002853393554687,0.6212177276611328,0.827336311340332,2.0687580985289262,2.755167179044183
google/paligemma-3b-mix-448,11.128145217895508,11.916579246520996,11.261938095092772,11.465102195739746,-0.7884340286254883,-0.1337928771972656,-0.5852699279785156,0.1696944479051882,0.7423194671072765,0.1696944479051882,0.7423194671072765,0.001,0.0,0.0,0.0,0.0
google/paligemma-3b-mix-448,4.425745487213135,7.121038436889648,6.61457633972168,10.282759666442873,-2.6952929496765137,-2.188830852508545,0.9728903770446776,0.8120938589518613,-0.3609590479437283,0.8120938589518613,0.3609590479437283,0.001,0.0,0.9728903770446776,0.0,972.8903770446776
google/paligemma-3b-mix-448,2.0385875701904297,4.832156658172607,5.870594501495361,6.489252090454102,-2.7935690879821777,-3.832006931304932,-2.174911499023437,1.3717244179820258,0.7785422269955018,1.3717244179820258,0.7785422269955018,0.001,0.0,0.0,0.0,0.0
google/paligemma-3b-mix-448,3.8328704833984375,3.260339736938477,9.266963005065918,8.52410888671875,0.5725307464599609,-5.4340925216674805,-0.170323371887207,-9.491354927691216,-0.2974920961718487,9.491354927691216,0.2974920961718487,0.5725307464599609,0.0,0.0,0.0,0.0
google/paligemma-3b-mix-448,9.784534454345703,10.179850578308104,10.068608283996582,10.775097846984863,-0.3953161239624023,-0.2840738296508789,0.3111734390258789,0.7185991474455936,-0.7871508905502522,0.7185991474455936,0.7871508905502522,0.001,0.0,0.3111734390258789,0.0,311.1734390258789
google/paligemma-3b-mix-448,7.8928141593933105,9.721416473388672,8.17296028137207,11.799368858337402,-1.828602313995361,-0.2801461219787597,1.7978062629699707,0.1532023227984772,-0.9831586940529986,0.1532023227984772,0.9831586940529986,0.001,0.0,1.7978062629699707,0.0,1797.8062629699707
google/paligemma-3b-mix-448,9.10295295715332,7.995795249938965,9.644906997680664,9.180434226989746,1.1071577072143557,-0.5419540405273438,0.6426849365234375,-0.4895003096631261,0.5804818341015333,0.4895003096631261,0.5804818341015333,1.1071577072143557,0.0,0.6426849365234375,0.0,0.5804818341015333
google/paligemma-3b-mix-448,6.456766605377197,6.345744609832764,9.587510108947754,9.292106628417969,0.1110219955444336,-3.1307435035705566,-0.1843814849853515,-28.19930850835373,-1.6607653652879784,28.19930850835373,1.6607653652879784,0.1110219955444336,0.0,0.0,0.0,0.0
google/paligemma-3b-mix-448,8.25068473815918,10.108375549316406,10.52234172821045,10.69890022277832,-1.8576908111572263,-2.271656990051269,-1.6811323165893557,1.222839116395353,0.9049580837093736,1.222839116395353,0.9049580837093736,0.001,0.0,0.0,0.0,0.0
google/paligemma-3b-mix-448,9.617157936096191,6.749846935272217,8.842874526977539,7.612489700317383,2.8673110008239746,0.7742834091186523,1.6369261741638184,0.270038167780247,0.5708924402317772,0.270038167780247,0.5708924402317772,2.8673110008239746,0.7742834091186523,1.6369261741638184,0.270038167780247,0.5708924402317772
google/paligemma-3b-mix-448,8.158205032348633,9.157185554504396,9.196296691894531,10.94538688659668,-0.9989805221557616,-1.0380916595458984,0.7501096725463867,1.0391510510192294,-0.7508751731492009,1.0391510510192294,0.7508751731492009,0.001,0.0,0.7501096725463867,0.0,750.1096725463867
google/paligemma-3b-mix-448,10.320025444030762,9.102811813354492,10.540589332580566,10.135008811950684,1.2172136306762695,-0.2205638885498047,0.8116331100463867,-0.181203925910082,0.6667959424636519,0.181203925910082,0.6667959424636519,1.2172136306762695,0.0,0.8116331100463867,0.0,0.6667959424636519
google/paligemma-3b-mix-448,6.441348075866699,10.047286987304688,7.189938068389893,9.652017593383787,-3.605938911437988,-0.7485899925231934,-1.1438593864440918,0.2075991887019151,0.3172154089509907,0.2075991887019151,0.3172154089509907,0.001,0.0,0.0,0.0,0.0
google/paligemma-3b-ft-ocrvqa-224,2.3174266815185547,2.576954841613769,4.464593887329102,3.766544342041016,-0.2595281600952148,-2.147167205810547,-0.9575777053833008,8.273349624267368,3.689687103827145,8.273349624267368,3.689687103827145,0.001,0.0,0.0,0.0,0.0
google/paligemma-3b-ft-ocrvqa-224,4.461874485015869,4.697623252868652,4.399989604949951,4.526121616363525,-0.2357487678527832,0.0618848800659179,-0.1096167564392089,-0.2625035143537331,0.4649727650227244,0.2625035143537331,0.4649727650227244,0.001,0.0618848800659179,0.0,61.88488006591797,0.0
google/paligemma-3b-ft-ocrvqa-224,4.416275978088379,4.388955116271973,5.824246883392334,6.043053150177002,0.0273208618164062,-1.407970905303955,0.2461271286010742,-51.53464465233175,9.008761519128734,51.53464465233175,9.008761519128734,0.0273208618164062,0.0,0.2461271286010742,0.0,9.008761519128734
google/paligemma-3b-ft-ocrvqa-224,4.986265659332275,4.768318176269531,4.306079864501953,4.59653377532959,0.2179474830627441,0.6801857948303223,0.5084013938903809,3.120870153084108,2.3326784358597936,3.120870153084108,2.3326784358597936,0.2179474830627441,0.6801857948303223,0.5084013938903809,3.120870153084108,2.3326784358597936
google/paligemma-3b-ft-ocrvqa-224,4.027372360229492,4.092258453369141,4.423969745635986,3.501565456390381,-0.0648860931396484,-0.3965973854064941,-0.987290382385254,6.112209353596519,15.215747082512712,6.112209353596519,15.215747082512712,0.001,0.0,0.0,0.0,0.0
google/paligemma-3b-ft-ocrvqa-224,3.5271053314208984,3.37674617767334,3.882050037384033,4.220582008361816,0.1503591537475586,-0.3549447059631347,0.4888911247253418,-2.3606458078306263,3.251488935260651,2.3606458078306263,3.251488935260651,0.1503591537475586,0.0,0.4888911247253418,0.0,3.251488935260651
google/paligemma-3b-ft-ocrvqa-224,2.1295957565307617,2.609350204467773,4.653217792510986,4.692382335662842,-0.4797544479370117,-2.5236220359802246,-0.4405899047851562,5.260236870824297,0.9183654402366322,5.260236870824297,0.9183654402366322,0.001,0.0,0.0,0.0,0.0
google/paligemma-3b-ft-ocrvqa-224,4.562347412109375,4.7068352699279785,6.112306594848633,6.200048446655273,-0.1444878578186035,-1.5499591827392578,-0.0567460060119628,10.727262526690271,0.3927389253926399,10.727262526690271,0.3927389253926399,0.001,0.0,0.0,0.0,0.0
google/paligemma-3b-ft-ocrvqa-224,4.663945198059082,3.876284599304199,4.83015251159668,4.518562316894531,0.7876605987548828,-0.1662073135375976,0.4760704040527344,-0.2110138729807415,0.6044105859875388,0.2110138729807415,0.6044105859875388,0.7876605987548828,0.0,0.4760704040527344,0.0,0.6044105859875388
google/paligemma-3b-ft-ocrvqa-224,4.799750804901123,3.846388816833496,6.377879619598389,5.642945289611816,0.953361988067627,-1.5781288146972656,0.2184276580810547,-1.6553301206145012,0.2291130345188049,1.6553301206145012,0.2291130345188049,0.953361988067627,0.0,0.2184276580810547,0.0,0.2291130345188049
google/paligemma-3b-ft-ocrvqa-224,4.128555774688721,4.630558013916016,4.148226737976074,4.473710060119629,-0.5020022392272949,-0.0196709632873535,-0.1765189170837402,0.0391850110422454,0.351629740447864,0.0391850110422454,0.351629740447864,0.001,0.0,0.0,0.0,0.0
google/paligemma-3b-ft-ocrvqa-224,3.3799734115600586,4.536616325378418,3.5729856491088867,3.637353897094727,-1.1566429138183594,-0.1930122375488281,-1.0922746658325195,0.1668727964723769,0.944349075054336,0.1668727964723769,0.944349075054336,0.001,0.0,0.0,0.0,0.0
google/paligemma-3b-ft-ocrvqa-224,4.805969715118408,4.371858596801758,6.639842033386231,6.341123580932617,0.4341111183166504,-1.8338723182678225,0.1353926658630371,-4.224430660470103,0.3118848150861657,4.224430660470103,0.3118848150861657,0.4341111183166504,0.0,0.1353926658630371,0.0,0.3118848150861657
google/paligemma-3b-ft-ocrvqa-224,2.950969696044922,3.0232667922973637,4.467092990875244,4.180963516235352,-0.0722970962524414,-1.5161232948303225,-0.358426570892334,20.970735664630848,4.957689720217916,20.970735664630848,4.957689720217916,0.001,0.0,0.0,0.0,0.0
google/paligemma-3b-ft-ocrvqa-224,6.814962387084961,4.856841087341309,6.693977355957031,6.367412567138672,1.9581212997436523,0.1209850311279296,1.631556510925293,0.0617862801164404,0.8332254550006112,0.0617862801164404,0.8332254550006112,1.9581212997436523,0.1209850311279296,1.631556510925293,0.0617862801164404,0.8332254550006112
google/paligemma-3b-ft-ocrvqa-224,3.0159788131713867,3.524765968322754,2.742793083190918,3.258633613586426,-0.5087871551513672,0.2731857299804687,0.0070533752441406,-0.5369351942448201,-0.0138631157896315,0.5369351942448201,0.0138631157896315,0.001,0.2731857299804687,0.0070533752441406,273.18572998046875,7.053375244140625
google/paligemma-3b-ft-ocrvqa-448,1.7293052673339844,3.032475471496582,2.372894287109375,3.023336410522461,-1.3031702041625977,-0.6435890197753906,-0.6527280807495117,0.4938641305023956,0.5008770755075292,0.4938641305023956,0.5008770755075292,0.001,0.0,0.0,0.0,0.0
google/paligemma-3b-ft-ocrvqa-448,3.618632316589356,3.5754714012146,2.7866878509521484,2.407109260559082,0.0431609153747558,0.831944465637207,-0.3364176750183105,19.275412914986465,-7.794498149477987,19.275412914986465,7.794498149477987,0.0431609153747558,0.831944465637207,0.0,19.275412914986465,0.0
google/paligemma-3b-ft-ocrvqa-448,3.646714210510254,3.710004329681397,5.02700138092041,4.548360824584961,-0.0632901191711425,-1.3802871704101562,-0.5419306755065918,21.80888878843357,8.562642677937752,21.80888878843357,8.562642677937752,0.001,0.0,0.0,0.0,0.0
google/paligemma-3b-ft-ocrvqa-448,4.398540496826172,4.275850296020508,3.9960103034973145,4.176403045654297,0.122690200805664,0.4025301933288574,0.3030829429626465,3.2808666925767587,2.4703109211037697,3.2808666925767587,2.4703109211037697,0.122690200805664,0.4025301933288574,0.3030829429626465,3.2808666925767587,2.4703109211037697
google/paligemma-3b-ft-ocrvqa-448,1.9693479537963867,2.8498692512512207,2.534799575805664,2.542051315307617,-0.880521297454834,-0.5654516220092773,-0.8732695579528809,0.6421782455957937,0.991764265642507,0.6421782455957937,0.991764265642507,0.001,0.0,0.0,0.0,0.0
google/paligemma-3b-ft-ocrvqa-448,2.2934765815734863,3.43269681930542,2.876038074493408,3.807090759277344,-1.1392202377319336,-0.5825614929199219,-0.208167552947998,0.5113686305992421,0.1827281030070511,0.5113686305992421,0.1827281030070511,0.001,0.0,0.0,0.0,0.0
google/paligemma-3b-ft-ocrvqa-448,1.6856775283813477,2.418776512145996,2.610471725463867,2.906651020050049,-0.7330989837646484,-0.9247941970825196,-0.4369196891784668,1.2614861261073749,0.5959900352538668,1.2614861261073749,0.5959900352538668,0.001,0.0,0.0,0.0,0.0
google/paligemma-3b-ft-ocrvqa-448,3.9157614707946777,4.373645305633545,4.802994251251221,5.254629135131836,-0.4578838348388672,-0.887232780456543,-0.0062489509582519,1.937680942086036,0.0136474592086244,1.937680942086036,0.0136474592086244,0.001,0.0,0.0,0.0,0.0
google/paligemma-3b-ft-ocrvqa-448,4.640660285949707,3.0965824127197266,4.600118160247803,4.100872993469238,1.5440778732299805,0.0405421257019043,1.044832706451416,0.0262565291587892,0.6766709921603772,0.0262565291587892,0.6766709921603772,1.5440778732299805,0.0405421257019043,1.044832706451416,0.0262565291587892,0.6766709921603772
google/paligemma-3b-ft-ocrvqa-448,4.153098583221436,3.857182502746582,5.5585618019104,5.372917652130127,0.2959160804748535,-1.4054632186889648,0.11027193069458,-4.74953309882191,0.3726459559670695,4.74953309882191,0.3726459559670695,0.2959160804748535,0.0,0.11027193069458,0.0,0.3726459559670695
google/paligemma-3b-ft-ocrvqa-448,3.651608943939209,3.655597686767578,4.163134574890137,4.550551414489746,-0.0039887428283691,-0.5115256309509277,0.3834280967712402,128.24231918708907,-96.12755528989838,128.24231918708907,96.12755528989838,0.001,0.0,0.3834280967712402,0.0,383.4280967712402
google/paligemma-3b-ft-ocrvqa-448,3.2410888671875,4.457106590270996,3.307681083679199,2.9533920288085938,-1.216017723083496,-0.0665922164916992,-1.5703067779541016,0.0547625377719324,1.2913518842243703,0.0547625377719324,1.2913518842243703,0.001,0.0,0.0,0.0,0.0
google/paligemma-3b-ft-ocrvqa-448,4.267871856689453,4.091086387634277,4.122848510742188,5.250795364379883,0.1767854690551757,0.1450233459472656,1.304732322692871,0.8203352160239086,7.380314285251898,0.8203352160239086,7.380314285251898,0.1767854690551757,0.1450233459472656,1.304732322692871,0.8203352160239086,7.380314285251898
google/paligemma-3b-ft-ocrvqa-448,2.4880409240722656,2.8063173294067383,4.488620758056641,3.923041343688965,-0.3182764053344726,-2.000579833984375,-0.8838558197021484,6.285668055984203,2.777007044469148,6.285668055984203,2.777007044469148,0.001,0.0,0.0,0.0,0.0
google/paligemma-3b-ft-ocrvqa-448,6.669301986694336,5.012707710266113,9.485052108764648,10.142897605895996,1.6565942764282229,-2.8157501220703125,2.3144397735595703,-1.6997222326165111,1.3971071894258418,1.6997222326165111,1.3971071894258418,1.6565942764282229,0.0,2.3144397735595703,0.0,1.3971071894258418
google/paligemma-3b-ft-ocrvqa-448,2.394641399383545,2.681039333343506,2.1326828002929688,2.668656349182129,-0.2863979339599609,0.2619585990905761,0.2495756149291992,-0.914666511271686,-0.8714295228264127,0.914666511271686,0.8714295228264127,0.001,0.2619585990905761,0.2495756149291992,261.9585990905762,249.5756149291992
